keyword,match_type,ad_group,final_url,priority,status
regalos corporativos,EXACT,Genérico B2B,https://regalospremium.cl/,A,READY
regalos corporativos,PHRASE,Genérico B2B,https://regalospremium.cl/,A,READY
merchandising corporativo,EXACT,Genérico B2B,https://regalospremium.cl/,A,READY
merchandising corporativo,PHRASE,Genérico B2B,https://regalospremium.cl/,A,READY
regalos para empresas,EXACT,Genérico B2B,https://regalospremium.cl/,A,READY
regalos para empresas,PHRASE,Genérico B2B,https://regalospremium.cl/,A,READY
merchandising empresarial,EXACT,Genérico B2B,https://regalospremium.cl/,A,READY
merchandising empresarial,PHRASE,Genérico B2B,https://regalospremium.cl/,A,READY
regalos corporativos personalizados,EXACT,Genérico B2B,https://regalospremium.cl/,B,READY
regalos corporativos personalizados,PHRASE,Genérico B2B,https://regalospremium.cl/,B,READY
regalos corporativos chile,EXACT,Genérico B2B,https://regalospremium.cl/,B,READY
regalos corporativos chile,PHRASE,Genérico B2B,https://regalospremium.cl/,B,READY
merchandising para empresas,EXACT,Genérico B2B,https://regalospremium.cl/,B,READY
merchandising para empresas,PHRASE,Genérico B2B,https://regalospremium.cl/,B,READY
productos corporativos personalizados,EXACT,Genérico B2B,https://regalospremium.cl/,B,READY
productos corporativos personalizados,PHRASE,Genérico B2B,https://regalospremium.cl/,B,READY
artículos promocionales para empresas,EXACT,Genérico B2B,https://regalospremium.cl/,B,READY
artículos promocionales para empresas,PHRASE,Genérico B2B,https://regalospremium.cl/,B,READY
regalos empresariales chile,EXACT,Genérico B2B,https://regalospremium.cl/,B,READY
regalos empresariales chile,PHRASE,Genérico B2B,https://regalospremium.cl/,B,READY
productos promocionales para empresas,EXACT,Genérico B2B,https://regalospremium.cl/,B,READY
productos promocionales para empresas,PHRASE,Genérico B2B,https://regalospremium.cl/,B,READY
merchandising con logo,EXACT,Genérico B2B,https://regalospremium.cl/,B,READY
merchandising con logo,PHRASE,Genérico B2B,https://regalospremium.cl/,B,READY
