asset_type,text,char_count,status
HEADLINE,Regalos Corporativos Chile,26,READY
HEADLINE,Merchandising Corporativo,25,READY
HEADLINE,Regalos Para Empresas,21,READY
HEADLINE,Merchandising Empresarial,25,READY
HEADLINE,Personalizados con tu Logo,26,READY
HEADLINE,Cotiza para tu Empresa,22,READY
HEADLINE,Regalos B2B Personalizados,26,READY
HEADLINE,Productos con Logo,18,READY
HEADLINE,Merchandising con Logo,22,READY
HEADLINE,Regalos por Mayor,17,READY
HEADLINE,Despacho a Todo Chile,21,READY
HEADLINE,Catálogo Corporativo B2B,24,READY
HEADLINE,Regalos para Eventos,20,READY
HEADLINE,Productos Promocionales,23,READY
HEADLINE,Desde 2015 para Empresas,24,READY
DESCRIPTION,Regalos corporativos y merchandising personalizado para empresas. Cotiza por volumen.,85,READY
DESCRIPTION,"Productos con logo para Marketing, RR.HH., Compras y eventos. Despacho a todo Chile.",84,READY
DESCRIPTION,"Mugs, tecnología, oficina, bolsas y más. Cotización B2B sin precios públicos.",77,READY
DESCRIPTION,"Merchandising empresarial para campañas, clientes y colaboradores. Solicita cotización.",87,READY
