url,label,status
https://regalospremium.cl/regalos-corporativos/,Genérico corporativo,READY
https://regalospremium.cl/regalos-publicitarios/,Genérico publicitario,READY
https://regalospremium.cl/mugs-botellas-termos/,"Mugs, botellas y termos",READY
https://regalospremium.cl/regalos-corporativos-bambu/,Bamboo corporativo,READY
https://regalospremium.cl/boligrafos-y-lapices-publicitarios/,Bolígrafos y lápices,READY
https://regalospremium.cl/cuadernos-libretas-memo-set-publicitarios/,Cuadernos y libretas,READY
https://regalospremium.cl/power-bank-y-accesorios/,Power Banks,READY
https://regalospremium.cl/bolsos-y-mochilas-publicitarios/,Bolsos y mochilas,READY
https://regalospremium.cl/bolsas-publicitarias-con-logotipo/,Bolsas corporativas,READY
