historical_url,normalized_url,status,keyword_keys,http_code,effective_url,live_status,error
https://regalospremium.cl/audio/,https://regalospremium.cl/audio/,CURRENT_FORMAT,41,404,https://regalospremium.cl/audio/,DEAD_404,Not Found
https://regalospremium.cl/bolsas-tnt/,https://regalospremium.cl/bolsas-tnt/,CURRENT_FORMAT,55,404,https://regalospremium.cl/bolsas-tnt/,DEAD_404,Not Found
https://regalospremium.cl/memorias-usb/,https://regalospremium.cl/memorias-usb/,CURRENT_FORMAT,2,404,https://regalospremium.cl/memorias-usb/,DEAD_404,Not Found
https://regalospremium.cl/mochilas/,https://regalospremium.cl/mochilas/,CURRENT_FORMAT,61,,,INCONCLUSIVE_NETWORK,TimeoutError: The read operation timed out
https://regalospremium.cl/pendrive-publicitario/,https://regalospremium.cl/pendrive-publicitario/,CURRENT_FORMAT,59,,,INCONCLUSIVE_NETWORK,TimeoutError: The read operation timed out
https://regalospremium.cl/power-bank-y-accesorios/,https://regalospremium.cl/power-bank-y-accesorios/,CURRENT_FORMAT,69,,,INCONCLUSIVE_NETWORK,TimeoutError: The read operation timed out
http://regalospremium.cl/index.php?keyword=llaveros&limitstart=0&option=com_virtuemart&view=category,https://regalospremium.cl/index.php?keyword=llaveros&limitstart=0&option=com_virtuemart&view=category,LEGACY_VIRTUEMART,7,508,https://regalospremium.cl/index.php?keyword=llaveros&limitstart=0&option=com_virtuemart&view=category,INCONCLUSIVE_SERVER_LOOP,Loop Detected
http://regalospremium.cl/index.php?option=com_virtuemart&view=category&virtuemart_category_id=18,https://regalospremium.cl/index.php?option=com_virtuemart&view=category&virtuemart_category_id=18,LEGACY_VIRTUEMART,38,508,https://regalospremium.cl/index.php?option=com_virtuemart&view=category&virtuemart_category_id=18,INCONCLUSIVE_SERVER_LOOP,Loop Detected
http://regalospremium.cl/index.php?option=com_virtuemart&view=category&virtuemart_category_id=27,https://regalospremium.cl/index.php?option=com_virtuemart&view=category&virtuemart_category_id=27,LEGACY_VIRTUEMART,5,508,https://regalospremium.cl/index.php?option=com_virtuemart&view=category&virtuemart_category_id=27,INCONCLUSIVE_SERVER_LOOP,Loop Detected
https://regalospremium.cl,https://regalospremium.cl/,CURRENT_FORMAT,1,508,https://regalospremium.cl,INCONCLUSIVE_SERVER_LOOP,Loop Detected
https://regalospremium.cl/accesorios-para-automovil/parasol-para-vehiculo.html,https://regalospremium.cl/accesorios-para-automovil/parasol-para-vehiculo.html,CURRENT_FORMAT,12,508,https://regalospremium.cl/accesorios-para-automovil/parasol-para-vehiculo.html,INCONCLUSIVE_SERVER_LOOP,Loop Detected
https://regalospremium.cl/bamboo/,https://regalospremium.cl/bamboo/,CURRENT_FORMAT,6,508,https://regalospremium.cl/bamboo/,INCONCLUSIVE_SERVER_LOOP,Loop Detected
https://regalospremium.cl/boligrafos-metalicos-y-ejecutivos/,https://regalospremium.cl/boligrafos-metalicos-y-ejecutivos/,CURRENT_FORMAT,2,508,https://regalospremium.cl/boligrafos-metalicos-y-ejecutivos/,INCONCLUSIVE_SERVER_LOOP,Loop Detected
https://regalospremium.cl/bolsas-de-algodon/,https://regalospremium.cl/bolsas-de-algodon/,CURRENT_FORMAT,24,508,https://regalospremium.cl/bolsas-de-algodon/,INCONCLUSIVE_SERVER_LOOP,Loop Detected
https://regalospremium.cl/bolsas-de-papel/,https://regalospremium.cl/bolsas-de-papel/,CURRENT_FORMAT,1,508,https://regalospremium.cl/bolsas-de-papel/,INCONCLUSIVE_SERVER_LOOP,Loop Detected
https://regalospremium.cl/bolsas-de-tnt-publicitarias/,https://regalospremium.cl/bolsas-de-tnt-publicitarias/,CURRENT_FORMAT,6,508,https://regalospremium.cl/bolsas-de-tnt-publicitarias/,INCONCLUSIVE_SERVER_LOOP,Loop Detected
https://regalospremium.cl/bolsas-de-yute-publicitarias/,https://regalospremium.cl/bolsas-de-yute-publicitarias/,CURRENT_FORMAT,10,508,https://regalospremium.cl/bolsas-de-yute-publicitarias/,INCONCLUSIVE_SERVER_LOOP,Loop Detected
https://regalospremium.cl/bolsas-de-yute/,https://regalospremium.cl/bolsas-de-yute/,CURRENT_FORMAT,1,508,https://regalospremium.cl/bolsas-de-yute/,INCONCLUSIVE_SERVER_LOOP,Loop Detected
https://regalospremium.cl/bolsas-tnt/bolsa-basurin-para-vehiculo.html?mot_tcid=ba2fb161-0f90-4738-839a-95d72249b396,https://regalospremium.cl/bolsas-tnt/bolsa-basurin-para-vehiculo.html?mot_tcid=ba2fb161-0f90-4738-839a-95d72249b396,CURRENT_FORMAT,1,508,https://regalospremium.cl/bolsas-tnt/bolsa-basurin-para-vehiculo.html?mot_tcid=ba2fb161-0f90-4738-839a-95d72249b396,INCONCLUSIVE_SERVER_LOOP,Loop Detected
https://regalospremium.cl/bolsas-tnt/bolsa-reutilizable-conference.html,https://regalospremium.cl/bolsas-tnt/bolsa-reutilizable-conference.html,CURRENT_FORMAT,1,508,https://regalospremium.cl/bolsas-tnt/bolsa-reutilizable-conference.html,INCONCLUSIVE_SERVER_LOOP,Loop Detected
https://regalospremium.cl/bolsos-y-mochilas-publicitarios/,https://regalospremium.cl/bolsos-y-mochilas-publicitarios/,CURRENT_FORMAT,2,508,https://regalospremium.cl/bolsos-y-mochilas-publicitarios/,INCONCLUSIVE_SERVER_LOOP,Loop Detected
https://regalospremium.cl/busqueda?controller=search&s=adaptador+usb,https://regalospremium.cl/busqueda?controller=search&s=adaptador+usb,INTERNAL_SEARCH,3,508,https://regalospremium.cl/busqueda?controller=search&s=adaptador+usb,INCONCLUSIVE_SERVER_LOOP,Loop Detected
https://regalospremium.cl/busqueda?controller=search&s=mouse,https://regalospremium.cl/busqueda?controller=search&s=mouse,INTERNAL_SEARCH,1,508,https://regalospremium.cl/busqueda?controller=search&s=mouse,INCONCLUSIVE_SERVER_LOOP,Loop Detected
https://regalospremium.cl/cuadernos-libretas-memo-set/,https://regalospremium.cl/cuadernos-libretas-memo-set/,CURRENT_FORMAT,2,508,https://regalospremium.cl/cuadernos-libretas-memo-set/,INCONCLUSIVE_SERVER_LOOP,Loop Detected
https://regalospremium.cl/index.php?option=com_virtuemart&view=productdetails&virtuemart_product_id=266&virtuemart_category_id=20,https://regalospremium.cl/index.php?option=com_virtuemart&view=productdetails&virtuemart_product_id=266&virtuemart_category_id=20,LEGACY_VIRTUEMART,1,508,https://regalospremium.cl/index.php?option=com_virtuemart&view=productdetails&virtuemart_product_id=266&virtuemart_category_id=20,INCONCLUSIVE_SERVER_LOOP,Loop Detected
https://regalospremium.cl/lapices-ecologicos/,https://regalospremium.cl/lapices-ecologicos/,CURRENT_FORMAT,15,508,https://regalospremium.cl/lapices-ecologicos/,INCONCLUSIVE_SERVER_LOOP,Loop Detected
https://regalospremium.cl/publicitarios-belleza-y-salud/,https://regalospremium.cl/publicitarios-belleza-y-salud/,CURRENT_FORMAT,2,508,https://regalospremium.cl/publicitarios-belleza-y-salud/,INCONCLUSIVE_SERVER_LOOP,Loop Detected
https://regalospremium.cl/regalo-publicitario-antistress/,https://regalospremium.cl/regalo-publicitario-antistress/,CURRENT_FORMAT,32,508,https://regalospremium.cl/regalo-publicitario-antistress/,INCONCLUSIVE_SERVER_LOOP,Loop Detected
https://regalospremium.cl/regalos-ecologicos-premium/,https://regalospremium.cl/regalos-ecologicos-premium/,CURRENT_FORMAT,19,508,https://regalospremium.cl/regalos-ecologicos-premium/,INCONCLUSIVE_SERVER_LOOP,Loop Detected
https://regalospremium.cl/regalos-promocionales-tecnologicos/,https://regalospremium.cl/regalos-promocionales-tecnologicos/,CURRENT_FORMAT,1,508,https://regalospremium.cl/regalos-promocionales-tecnologicos/,INCONCLUSIVE_SERVER_LOOP,Loop Detected
https://regalospremium.cl/regalos-publicitarios-de-verano/frisbee-plastico.html,https://regalospremium.cl/regalos-publicitarios-de-verano/frisbee-plastico.html,CURRENT_FORMAT,1,508,https://regalospremium.cl/regalos-publicitarios-de-verano/frisbee-plastico.html,INCONCLUSIVE_SERVER_LOOP,Loop Detected
https://regalospremium.cl/regalos-publicitarios-ocio-y-pasatiempo/,https://regalospremium.cl/regalos-publicitarios-ocio-y-pasatiempo/,CURRENT_FORMAT,6,508,https://regalospremium.cl/regalos-publicitarios-ocio-y-pasatiempo/,INCONCLUSIVE_SERVER_LOOP,Loop Detected
https://regalospremium.cl/regalos-publicitarios-para-automovil/parasol-para-vehiculo.html,https://regalospremium.cl/regalos-publicitarios-para-automovil/parasol-para-vehiculo.html,CURRENT_FORMAT,3,508,https://regalospremium.cl/regalos-publicitarios-para-automovil/parasol-para-vehiculo.html,INCONCLUSIVE_SERVER_LOOP,Loop Detected
https://regalospremium.cl/tecnologicos/,https://regalospremium.cl/tecnologicos/,CURRENT_FORMAT,10,508,https://regalospremium.cl/tecnologicos/,INCONCLUSIVE_SERVER_LOOP,Loop Detected
https://regalospremium.cl/verano/,https://regalospremium.cl/verano/,CURRENT_FORMAT,86,508,https://regalospremium.cl/verano/,INCONCLUSIVE_SERVER_LOOP,Loop Detected
https://regalospremium.cl/verano/?page=2,https://regalospremium.cl/verano/?page=2,CURRENT_FORMAT,16,508,https://regalospremium.cl/verano/?page=2,INCONCLUSIVE_SERVER_LOOP,Loop Detected
https://www.regalospremium.cl,https://regalospremium.cl/,WWW_VARIANT,2,508,https://www.regalospremium.cl,INCONCLUSIVE_SERVER_LOOP,Loop Detected
https://regalospremium.cl/,https://regalospremium.cl/,CURRENT_FORMAT,240,200,https://regalospremium.cl/,LIVE,
https://regalospremium.cl/bamboohttps://regalospremium.cl/publicitarios-bamboo/,https://regalospremium.cl/bamboohttps://regalospremium.cl/publicitarios-bamboo/,CURRENT_FORMAT,1,200,https://regalospremium.cl/,LIVE,
https://regalospremium.cl/boligrafos-y-lapices-publicitarios/,https://regalospremium.cl/boligrafos-y-lapices-publicitarios/,CURRENT_FORMAT,256,200,https://regalospremium.cl/boligrafos-y-lapices-publicitarios/,LIVE,
https://regalospremium.cl/bolsas-publicitarias-con-logotipo/,https://regalospremium.cl/bolsas-publicitarias-con-logotipo/,CURRENT_FORMAT,244,200,https://regalospremium.cl/bolsas-publicitarias-con-logotipo/,LIVE,
https://regalospremium.cl/cotizar-llaveros-promocionales/,https://regalospremium.cl/cotizar-llaveros-promocionales/,CURRENT_FORMAT,141,200,https://regalospremium.cl/cotizar-llaveros-promocionales/,LIVE,
https://regalospremium.cl/cuadernos-libretas-memo-set-publicitarios/,https://regalospremium.cl/cuadernos-libretas-memo-set-publicitarios/,CURRENT_FORMAT,132,200,https://regalospremium.cl/cuadernos-libretas-memo-set-publicitarios/,LIVE,
https://regalospremium.cl/herramientas-y-asado/,https://regalospremium.cl/herramientas-y-asado/,CURRENT_FORMAT,135,200,https://regalospremium.cl/herramientas-y-asado/,LIVE,
https://regalospremium.cl/lanyards-e-identificacion-empresa/,https://regalospremium.cl/lanyards-e-identificacion-empresa/,CURRENT_FORMAT,85,200,https://regalospremium.cl/lanyards-e-identificacion-empresa/,LIVE,
https://regalospremium.cl/mugs-botellas-termos/,https://regalospremium.cl/mugs-botellas-termos/,CURRENT_FORMAT,425,200,https://regalospremium.cl/mugs-botellas-termos/,LIVE,
https://regalospremium.cl/publicitarios-bamboo/,https://regalospremium.cl/publicitarios-bamboo/,CURRENT_FORMAT,1,200,https://regalospremium.cl/publicitarios-bamboo/,LIVE,
https://www.regalospremium.cl/,https://regalospremium.cl/,WWW_VARIANT,349,200,https://regalospremium.cl/,LIVE,
https://regalospremium.cl/memorias-√,,INVALID,1,,,SKIP_INVALID,
https://regalospremium.cl/√,,INVALID,1,,,SKIP_INVALID,
