issue,url,last_crawl,source_zip
Bloqueada por robots.txt,https://regalospremium.cl/boligrafos-cuerpo-plateado/?order=product.name.asc,2026-09-22,https___regalospremium.cl_-Coverage-Drilldown-2026-10-03(1).zip
Bloqueada por robots.txt,https://regalospremium.cl/boligrafos-cuerpo-plateado/?order=product.name.desc,2026-09-22,https___regalospremium.cl_-Coverage-Drilldown-2026-10-03(1).zip
Bloqueada por robots.txt,https://regalospremium.cl/publicitarios-ecofriendly/?order=product.name.asc,2026-09-13,https___regalospremium.cl_-Coverage-Drilldown-2026-10-03(1).zip
Bloqueada por robots.txt,https://regalospremium.cl/publicitarios-ecofriendly/?order=product.name.desc,2026-09-13,https___regalospremium.cl_-Coverage-Drilldown-2026-10-03(1).zip
Bloqueada por robots.txt,https://regalospremium.cl/hogar-gourmet-sommelier/?order=product.name.desc,2026-09-12,https___regalospremium.cl_-Coverage-Drilldown-2026-10-03(1).zip
Bloqueada por robots.txt,https://regalospremium.cl/publicitarios-para-tiempo-libre/?order=product.position.asc&page=8,2026-09-12,https___regalospremium.cl_-Coverage-Drilldown-2026-10-03(1).zip
Bloqueada por robots.txt,https://regalospremium.cl/boligrafos-y-lapices-publicitarios/?order=product.name.desc&page=2,2026-09-11,https___regalospremium.cl_-Coverage-Drilldown-2026-10-03(1).zip
Bloqueada por robots.txt,https://regalospremium.cl/cuadernos-libretas-memo-set-publicitarios/?order=product.position.asc&page=3,2026-09-11,https___regalospremium.cl_-Coverage-Drilldown-2026-10-03(1).zip
Bloqueada por robots.txt,https://regalospremium.cl/regalos-para-hogar-belleza-y-salud/?order=product.name.desc,2026-09-08,https___regalospremium.cl_-Coverage-Drilldown-2026-10-03(1).zip
Bloqueada por robots.txt,https://regalospremium.cl/bolsas-publicitarias-con-logotipo/?order=product.name.asc&page=2,2026-09-05,https___regalospremium.cl_-Coverage-Drilldown-2026-10-03(1).zip
Bloqueada por robots.txt,https://regalospremium.cl/pendrive-publicitario/?order=product.name.asc,2026-09-03,https___regalospremium.cl_-Coverage-Drilldown-2026-10-03(1).zip
Bloqueada por robots.txt,https://regalospremium.cl/boligrafos-funcionales-y-destacadores/?order=product.name.asc,2026-08-31,https___regalospremium.cl_-Coverage-Drilldown-2026-10-03(1).zip
Bloqueada por robots.txt,https://regalospremium.cl/boligrafos-funcionales-y-destacadores/?order=product.position.asc,2026-08-31,https___regalospremium.cl_-Coverage-Drilldown-2026-10-03(1).zip
Bloqueada por robots.txt,https://regalospremium.cl/publicitarios-para-computacion/?order=product.name.desc,2026-08-29,https___regalospremium.cl_-Coverage-Drilldown-2026-10-03(1).zip
Bloqueada por robots.txt,https://regalospremium.cl/publicitarios-para-computacion/?order=product.name.asc,2026-08-28,https___regalospremium.cl_-Coverage-Drilldown-2026-10-03(1).zip
Bloqueada por robots.txt,https://regalospremium.cl/publicitarios-para-computacion/?order=product.position.asc,2026-08-28,https___regalospremium.cl_-Coverage-Drilldown-2026-10-03(1).zip
Bloqueada por robots.txt,https://regalospremium.cl/relojes-y-calculadoras-publicitarios/?order=product.name.asc,2026-08-27,https___regalospremium.cl_-Coverage-Drilldown-2026-10-03(1).zip
Bloqueada por robots.txt,https://regalospremium.cl/relojes-y-calculadoras-publicitarios/?order=product.name.desc,2026-08-26,https___regalospremium.cl_-Coverage-Drilldown-2026-10-03(1).zip
Bloqueada por robots.txt,https://regalospremium.cl/accesorios-usb-promocional/?order=product.name.desc,2026-08-24,https___regalospremium.cl_-Coverage-Drilldown-2026-10-03(1).zip
Bloqueada por robots.txt,https://regalospremium.cl/comprar-gorros-y-jockeys-publicitarios/?order=product.position.asc,2026-08-24,https___regalospremium.cl_-Coverage-Drilldown-2026-10-03(1).zip
Bloqueada por robots.txt,https://regalospremium.cl/iniciar-sesion,2026-08-24,https___regalospremium.cl_-Coverage-Drilldown-2026-10-03(1).zip
Bloqueada por robots.txt,https://regalospremium.cl/regalos-para-hogar-belleza-y-salud/?order=product.position.asc&page=4,2026-08-23,https___regalospremium.cl_-Coverage-Drilldown-2026-10-03(1).zip
Bloqueada por robots.txt,https://regalospremium.cl/regalos-publicitarios-para-viajes-y-vacaciones/?order=product.name.asc,2026-08-23,https___regalospremium.cl_-Coverage-Drilldown-2026-10-03(1).zip
Bloqueada por robots.txt,https://regalospremium.cl/carpetas-y-portafolios-publicitarios/?order=product.name.asc,2026-08-22,https___regalospremium.cl_-Coverage-Drilldown-2026-10-03(1).zip
Bloqueada por robots.txt,https://regalospremium.cl/punteros-laser-y-datashow/?order=product.position.asc,2026-08-22,https___regalospremium.cl_-Coverage-Drilldown-2026-10-03(1).zip
Bloqueada por robots.txt,https://regalospremium.cl/publicitarios-electronicos/?order=product.name.asc,2026-08-22,https___regalospremium.cl_-Coverage-Drilldown-2026-10-03(1).zip
Bloqueada por robots.txt,https://regalospremium.cl/audio-publicitario/?order=product.name.asc,2026-08-21,https___regalospremium.cl_-Coverage-Drilldown-2026-10-03(1).zip
Bloqueada por robots.txt,https://regalospremium.cl/audio-publicitario/?order=product.position.asc,2026-08-21,https___regalospremium.cl_-Coverage-Drilldown-2026-10-03(1).zip
Bloqueada por robots.txt,https://regalospremium.cl/mujer-playa/?order=product.name.asc,2026-08-21,https___regalospremium.cl_-Coverage-Drilldown-2026-10-03(1).zip
Bloqueada por robots.txt,https://regalospremium.cl/mujer-playa/?order=product.position.asc,2026-08-21,https___regalospremium.cl_-Coverage-Drilldown-2026-10-03(1).zip
Bloqueada por robots.txt,https://regalospremium.cl/linea-ecologica-green/?order=product.position.asc,2026-08-20,https___regalospremium.cl_-Coverage-Drilldown-2026-10-03(1).zip
Bloqueada por robots.txt,https://regalospremium.cl/bolsas-de-algodon-publicitarias/?order=product.name.asc,2026-08-20,https___regalospremium.cl_-Coverage-Drilldown-2026-10-03(1).zip
Bloqueada por robots.txt,https://regalospremium.cl/bolsas-de-algodon-publicitarias/?order=product.position.asc,2026-08-20,https___regalospremium.cl_-Coverage-Drilldown-2026-10-03(1).zip
Bloqueada por robots.txt,https://regalospremium.cl/poleras-y-shorts-publicitarios/?order=product.position.asc,2026-08-20,https___regalospremium.cl_-Coverage-Drilldown-2026-10-03(1).zip
Bloqueada por robots.txt,https://regalospremium.cl/boligrafos-metalicos-y-ejecutivos-publicitarios/?order=product.name.desc,2026-08-20,https___regalospremium.cl_-Coverage-Drilldown-2026-10-03(1).zip
Bloqueada por robots.txt,https://regalospremium.cl/boligrafos-metalicos-y-ejecutivos-publicitarios/?order=product.name.asc,2026-08-20,https___regalospremium.cl_-Coverage-Drilldown-2026-10-03(1).zip
Bloqueada por robots.txt,https://regalospremium.cl/boligrafos-funcionales-y-destacadores-publicitarios/?order=product.name.desc,2026-08-19,https___regalospremium.cl_-Coverage-Drilldown-2026-10-03(1).zip
Bloqueada por robots.txt,https://regalospremium.cl/hogar-gourmet-sommelier/?order=product.position.asc,2026-08-19,https___regalospremium.cl_-Coverage-Drilldown-2026-10-03(1).zip
Bloqueada por robots.txt,https://regalospremium.cl/boligrafos-funcionales-y-destacadores-publicitarios/?order=product.position.asc,2026-08-19,https___regalospremium.cl_-Coverage-Drilldown-2026-10-03(1).zip
Bloqueada por robots.txt,https://regalospremium.cl/boligrafos-funcionales-y-destacadores-publicitarios/?order=product.name.asc,2026-08-19,https___regalospremium.cl_-Coverage-Drilldown-2026-10-03(1).zip
Bloqueada por robots.txt,https://regalospremium.cl/boligrafos-y-lapices-publicitarios/?order=product.name.asc&page=3,2026-08-18,https___regalospremium.cl_-Coverage-Drilldown-2026-10-03(1).zip
Bloqueada por robots.txt,https://regalospremium.cl/punteros-laser-y-datashow/?order=product.name.desc,2026-08-18,https___regalospremium.cl_-Coverage-Drilldown-2026-10-03(1).zip
Bloqueada por robots.txt,https://regalospremium.cl/regalos-promocionales-tecnologicos/?order=product.position.asc&page=2,2026-08-18,https___regalospremium.cl_-Coverage-Drilldown-2026-10-03(1).zip
Bloqueada por robots.txt,https://regalospremium.cl/regalos-publicitarios-ocio-y-pasatiempo/?order=product.name.asc,2026-08-18,https___regalospremium.cl_-Coverage-Drilldown-2026-10-03(1).zip
Bloqueada por robots.txt,https://regalospremium.cl/pendrive-publicitario/?order=product.position.asc,2026-08-18,https___regalospremium.cl_-Coverage-Drilldown-2026-10-03(1).zip
Bloqueada por robots.txt,https://regalospremium.cl/regalos-publicitarios-para-deportes/?order=product.name.desc,2026-08-18,https___regalospremium.cl_-Coverage-Drilldown-2026-10-03(1).zip
Bloqueada por robots.txt,https://regalospremium.cl/coolers-publicitarios/?order=product.name.desc,2026-08-18,https___regalospremium.cl_-Coverage-Drilldown-2026-10-03(1).zip
Bloqueada por robots.txt,https://regalospremium.cl/bolsas-de-fieltro-publicitarias/?order=product.name.asc,2026-08-18,https___regalospremium.cl_-Coverage-Drilldown-2026-10-03(1).zip
Bloqueada por robots.txt,https://regalospremium.cl/poleras-y-shorts-publicitarios/?order=product.name.asc,2026-08-18,https___regalospremium.cl_-Coverage-Drilldown-2026-10-03(1).zip
Bloqueada por robots.txt,https://regalospremium.cl/regalos-para-hogar-belleza-y-salud/?order=product.name.asc,2026-08-18,https___regalospremium.cl_-Coverage-Drilldown-2026-10-03(1).zip
Bloqueada por robots.txt,https://regalospremium.cl/boligrafos-cuerpo-blanco-publicitarios/?order=product.name.asc,2026-08-18,https___regalospremium.cl_-Coverage-Drilldown-2026-10-03(1).zip
Bloqueada por robots.txt,https://regalospremium.cl/boligrafos-cuerpo-blanco-publicitarios/?order=product.position.asc,2026-08-18,https___regalospremium.cl_-Coverage-Drilldown-2026-10-03(1).zip
Bloqueada por robots.txt,https://regalospremium.cl/boligrafos-cuerpo-blanco-publicitarios/?order=product.name.desc,2026-08-18,https___regalospremium.cl_-Coverage-Drilldown-2026-10-03(1).zip
Bloqueada por robots.txt,https://regalospremium.cl/power-bank-y-accesorios/?order=product.name.desc,2026-08-18,https___regalospremium.cl_-Coverage-Drilldown-2026-10-03(1).zip
Bloqueada por robots.txt,https://regalospremium.cl/linea-cobre-mineria/?order=product.name.asc,2026-08-18,https___regalospremium.cl_-Coverage-Drilldown-2026-10-03(1).zip
Bloqueada por robots.txt,https://regalospremium.cl/linea-cobre-mineria/?order=product.position.asc,2026-08-18,https___regalospremium.cl_-Coverage-Drilldown-2026-10-03(1).zip
Bloqueada por robots.txt,https://regalospremium.cl/linea-cobre-mineria/?order=product.name.desc,2026-08-18,https___regalospremium.cl_-Coverage-Drilldown-2026-10-03(1).zip
Bloqueada por robots.txt,https://regalospremium.cl/comprar-gorros-y-jockeys-publicitarios/?order=product.name.desc,2026-08-18,https___regalospremium.cl_-Coverage-Drilldown-2026-10-03(1).zip
Bloqueada por robots.txt,https://regalospremium.cl/hogar-gourmet-sommelier/?order=product.name.asc,2026-08-18,https___regalospremium.cl_-Coverage-Drilldown-2026-10-03(1).zip
Bloqueada por robots.txt,https://regalospremium.cl/the-green-life/?order=product.name.asc,2026-08-17,https___regalospremium.cl_-Coverage-Drilldown-2026-10-03(1).zip
Bloqueada por robots.txt,https://regalospremium.cl/poleras-y-shorts-publicitarios/?order=product.name.desc,2026-08-17,https___regalospremium.cl_-Coverage-Drilldown-2026-10-03(1).zip
Bloqueada por robots.txt,https://regalospremium.cl/publicitarios-belleza-y-salud/?order=product.name.desc,2026-08-17,https___regalospremium.cl_-Coverage-Drilldown-2026-10-03(1).zip
Bloqueada por robots.txt,https://regalospremium.cl/the-green-life/?order=product.name.desc,2026-08-17,https___regalospremium.cl_-Coverage-Drilldown-2026-10-03(1).zip
Bloqueada por robots.txt,https://regalospremium.cl/the-green-life/?order=product.position.asc,2026-08-17,https___regalospremium.cl_-Coverage-Drilldown-2026-10-03(1).zip
Bloqueada por robots.txt,https://regalospremium.cl/carpetas-y-portafolios-publicitarios/?order=product.position.asc,2026-08-17,https___regalospremium.cl_-Coverage-Drilldown-2026-10-03(1).zip
Bloqueada por robots.txt,https://regalospremium.cl/pendrive-publicitario/?order=product.name.desc,2026-08-17,https___regalospremium.cl_-Coverage-Drilldown-2026-10-03(1).zip
Bloqueada por robots.txt,https://regalospremium.cl/carpetas-y-portafolios-publicitarios/?order=product.name.desc,2026-08-17,https___regalospremium.cl_-Coverage-Drilldown-2026-10-03(1).zip
Bloqueada por robots.txt,https://regalospremium.cl/cotizar-productos-para-sublimacion/?order=product.position.asc,2026-08-17,https___regalospremium.cl_-Coverage-Drilldown-2026-10-03(1).zip
Bloqueada por robots.txt,https://regalospremium.cl/regalo-publicitario-antistress/?order=product.position.asc,2026-08-17,https___regalospremium.cl_-Coverage-Drilldown-2026-10-03(1).zip
Bloqueada por robots.txt,https://regalospremium.cl/regalos-publicitarios-para-viajes-y-vacaciones/?order=product.name.desc,2026-08-16,https___regalospremium.cl_-Coverage-Drilldown-2026-10-03(1).zip
Bloqueada por robots.txt,https://regalospremium.cl/llaveros-metalicos/?order=product.position.asc,2026-08-16,https___regalospremium.cl_-Coverage-Drilldown-2026-10-03(1).zip
Bloqueada por robots.txt,https://regalospremium.cl/lapices-ecologicos/?order=product.name.desc,2026-08-15,https___regalospremium.cl_-Coverage-Drilldown-2026-10-03(1).zip
Bloqueada por robots.txt,https://regalospremium.cl/paraguas-y-capas-de-agua/?order=product.name.desc,2026-08-15,https___regalospremium.cl_-Coverage-Drilldown-2026-10-03(1).zip
Bloqueada por robots.txt,https://regalospremium.cl/paraguas-y-capas-de-agua/?order=product.name.asc,2026-08-15,https___regalospremium.cl_-Coverage-Drilldown-2026-10-03(1).zip
Bloqueada por robots.txt,https://regalospremium.cl/paraguas-y-capas-de-agua/?order=product.position.asc,2026-08-14,https___regalospremium.cl_-Coverage-Drilldown-2026-10-03(1).zip
Bloqueada por robots.txt,https://regalospremium.cl/regalos-publicitarios-para-viajes-y-vacaciones/?order=product.name.asc&page=2,2026-08-14,https___regalospremium.cl_-Coverage-Drilldown-2026-10-03(1).zip
Bloqueada por robots.txt,https://regalospremium.cl/regalos-publicitarios-para-viajes-y-vacaciones/?order=product.position.asc,2026-08-14,https___regalospremium.cl_-Coverage-Drilldown-2026-10-03(1).zip
Bloqueada por robots.txt,https://regalospremium.cl/regalos-publicitarios-para-viajes-y-vacaciones/?order=product.name.asc&page=3,2026-08-14,https___regalospremium.cl_-Coverage-Drilldown-2026-10-03(1).zip
Bloqueada por robots.txt,https://regalospremium.cl/llaveros-metalicos/?order=product.name.asc,2026-08-13,https___regalospremium.cl_-Coverage-Drilldown-2026-10-03(1).zip
Bloqueada por robots.txt,https://regalospremium.cl/comprar-gorros-y-jockeys-publicitarios/?order=product.name.asc,2026-08-13,https___regalospremium.cl_-Coverage-Drilldown-2026-10-03(1).zip
Bloqueada por robots.txt,https://regalospremium.cl/medallas-trofeos-galvanos/?order=product.position.asc,2026-08-11,https___regalospremium.cl_-Coverage-Drilldown-2026-10-03(1).zip
Bloqueada por robots.txt,https://regalospremium.cl/medallas-trofeos-galvanos/?order=product.name.desc,2026-08-11,https___regalospremium.cl_-Coverage-Drilldown-2026-10-03(1).zip
Bloqueada por robots.txt,https://regalospremium.cl/mochilas/?order=product.name.asc,2026-08-09,https___regalospremium.cl_-Coverage-Drilldown-2026-10-03(1).zip
Bloqueada por robots.txt,https://regalospremium.cl/mochilas/?order=product.position.asc,2026-08-08,https___regalospremium.cl_-Coverage-Drilldown-2026-10-03(1).zip
Bloqueada por robots.txt,https://regalospremium.cl/mochilas/?order=product.name.desc,2026-08-08,https___regalospremium.cl_-Coverage-Drilldown-2026-10-03(1).zip
Bloqueada por robots.txt,https://regalospremium.cl/publicitarios-bamboo/?order=product.name.desc,2026-08-07,https___regalospremium.cl_-Coverage-Drilldown-2026-10-03(1).zip
Bloqueada por robots.txt,https://regalospremium.cl/publicitarios-bamboo/?order=product.position.asc,2026-08-07,https___regalospremium.cl_-Coverage-Drilldown-2026-10-03(1).zip
Bloqueada por robots.txt,https://regalospremium.cl/botellas-metalicas-publicitarias/?order=product.position.asc,2026-08-06,https___regalospremium.cl_-Coverage-Drilldown-2026-10-03(1).zip
Bloqueada por robots.txt,https://regalospremium.cl/botellas-metalicas-publicitarias/?order=product.name.asc,2026-08-06,https___regalospremium.cl_-Coverage-Drilldown-2026-10-03(1).zip
Bloqueada por robots.txt,https://regalospremium.cl/botellas-metalicas-publicitarias/?order=product.name.desc,2026-08-06,https___regalospremium.cl_-Coverage-Drilldown-2026-10-03(1).zip
Bloqueada por robots.txt,https://regalospremium.cl/botellas-metalicas/?order=product.name.asc,2026-08-06,https___regalospremium.cl_-Coverage-Drilldown-2026-10-03(1).zip
Bloqueada por robots.txt,https://regalospremium.cl/botellas-metalicas/?order=product.position.asc,2026-08-06,https___regalospremium.cl_-Coverage-Drilldown-2026-10-03(1).zip
Bloqueada por robots.txt,https://regalospremium.cl/botellas-metalicas/?order=product.name.desc,2026-08-06,https___regalospremium.cl_-Coverage-Drilldown-2026-10-03(1).zip
Bloqueada por robots.txt,https://regalospremium.cl/regalos-para-hogar-belleza-y-salud/?order=product.name.desc&page=2,2026-08-04,https___regalospremium.cl_-Coverage-Drilldown-2026-10-03(1).zip
Bloqueada por robots.txt,https://regalospremium.cl/lanyards-e-identificacion-empresa/?order=product.position.asc,2026-08-01,https___regalospremium.cl_-Coverage-Drilldown-2026-10-03(1).zip
Bloqueada por robots.txt,https://regalospremium.cl/punteros-laser-y-datashow/?order=product.name.asc,2026-07-30,https___regalospremium.cl_-Coverage-Drilldown-2026-10-03(1).zip
Bloqueada por robots.txt,https://regalospremium.cl/bananos/?order=product.name.desc,2026-07-30,https___regalospremium.cl_-Coverage-Drilldown-2026-10-03(1).zip
Bloqueada por robots.txt,https://regalospremium.cl/maletines-y-fundas/?order=product.name.desc,2026-07-30,https___regalospremium.cl_-Coverage-Drilldown-2026-10-03(1).zip
Bloqueada por robots.txt,https://regalospremium.cl/mi-cuenta,2026-07-30,https___regalospremium.cl_-Coverage-Drilldown-2026-10-03(1).zip
Bloqueada por robots.txt,https://regalospremium.cl/boligrafos-cuerpo-color/?order=product.name.asc,2026-07-30,https___regalospremium.cl_-Coverage-Drilldown-2026-10-03(1).zip
Bloqueada por robots.txt,https://regalospremium.cl/boligrafos-metalicos-y-ejecutivos/?order=product.name.desc,2026-07-28,https___regalospremium.cl_-Coverage-Drilldown-2026-10-03(1).zip
Bloqueada por robots.txt,https://regalospremium.cl/bolsas-de-tnt-publicitarias/?order=product.name.asc,2026-07-28,https___regalospremium.cl_-Coverage-Drilldown-2026-10-03(1).zip
Bloqueada por robots.txt,https://regalospremium.cl/boligrafos-y-lapices-publicitarios/?order=product.name.asc,2026-07-28,https___regalospremium.cl_-Coverage-Drilldown-2026-10-03(1).zip
Bloqueada por robots.txt,https://regalospremium.cl/bolsas-publicitarias-con-logotipo/?order=product.name.desc,2026-07-28,https___regalospremium.cl_-Coverage-Drilldown-2026-10-03(1).zip
Bloqueada por robots.txt,https://regalospremium.cl/boligrafos-y-lapices-publicitarios/?order=product.position.asc,2026-07-26,https___regalospremium.cl_-Coverage-Drilldown-2026-10-03(1).zip
Bloqueada por robots.txt,https://regalospremium.cl/iniciar-sesion?back=my-account,2026-07-25,https___regalospremium.cl_-Coverage-Drilldown-2026-10-03(1).zip
Bloqueada por robots.txt,https://regalospremium.cl/bolsas-publicitarias-con-logotipo/?order=product.name.asc,2026-07-25,https___regalospremium.cl_-Coverage-Drilldown-2026-10-03(1).zip
Bloqueada por robots.txt,https://regalospremium.cl/bolsos-y-mochilas-publicitarios/?order=product.name.desc,2026-07-23,https___regalospremium.cl_-Coverage-Drilldown-2026-10-03(1).zip
Bloqueada por robots.txt,https://regalospremium.cl/boligrafos-metalicos-y-ejecutivos/?order=product.position.asc,2026-07-23,https___regalospremium.cl_-Coverage-Drilldown-2026-10-03(1).zip
Bloqueada por robots.txt,https://regalospremium.cl/bolsas-de-algodon-publicitarias/?order=product.name.desc,2026-07-23,https___regalospremium.cl_-Coverage-Drilldown-2026-10-03(1).zip
Bloqueada por robots.txt,https://regalospremium.cl/bolsos-y-mochilas-publicitarios/?order=product.name.asc,2026-07-23,https___regalospremium.cl_-Coverage-Drilldown-2026-10-03(1).zip
Bloqueada por robots.txt,https://regalospremium.cl/boligrafos-funcionales-y-destacadores/?order=product.name.desc,2026-07-18,https___regalospremium.cl_-Coverage-Drilldown-2026-10-03(1).zip
Bloqueada por robots.txt,https://regalospremium.cl/boligrafos-touch-screen/?order=product.name.desc,2026-07-18,https___regalospremium.cl_-Coverage-Drilldown-2026-10-03(1).zip
Bloqueada por robots.txt,https://regalospremium.cl/bolsas-publicitarias-con-logotipo/?order=product.name.desc&page=4,2026-07-16,https___regalospremium.cl_-Coverage-Drilldown-2026-10-03(1).zip
Bloqueada por robots.txt,https://regalospremium.cl/llaveros-promocionales/?order=product.name.desc,2026-07-15,https___regalospremium.cl_-Coverage-Drilldown-2026-10-03(1).zip
Bloqueada por robots.txt,https://regalospremium.cl/bolsas-de-papel-publicitarias/?order=product.position.asc,2026-07-15,https___regalospremium.cl_-Coverage-Drilldown-2026-10-03(1).zip
Bloqueada por robots.txt,https://regalospremium.cl/bolsas-de-papel-publicitarias/?order=product.name.asc,2026-07-15,https___regalospremium.cl_-Coverage-Drilldown-2026-10-03(1).zip
Bloqueada por robots.txt,https://regalospremium.cl/bolsas-de-algodon-publicitarias/?order=product.name.desc&page=2,2026-07-15,https___regalospremium.cl_-Coverage-Drilldown-2026-10-03(1).zip
Bloqueada por robots.txt,https://regalospremium.cl/boligrafos-touch-screen/?order=product.name.asc,2026-07-14,https___regalospremium.cl_-Coverage-Drilldown-2026-10-03(1).zip
Bloqueada por robots.txt,https://regalospremium.cl/bolsas-de-tnt-publicitarias/?order=product.name.desc,2026-07-14,https___regalospremium.cl_-Coverage-Drilldown-2026-10-03(1).zip
Bloqueada por robots.txt,https://regalospremium.cl/boligrafos-metalicos-y-ejecutivos/?order=product.name.asc,2026-07-11,https___regalospremium.cl_-Coverage-Drilldown-2026-10-03(1).zip
Bloqueada por robots.txt,https://regalospremium.cl/bolsos-y-mochilas-publicitarios/?order=product.name.desc&page=4,2026-07-09,https___regalospremium.cl_-Coverage-Drilldown-2026-10-03(1).zip
Bloqueada por robots.txt,https://regalospremium.cl/boligrafos-cuerpo-color/?order=product.name.desc,2026-07-09,https___regalospremium.cl_-Coverage-Drilldown-2026-10-03(1).zip
Bloqueada por robots.txt,https://regalospremium.cl/linea-ecologica-green/?order=product.name.desc,2026-07-08,https___regalospremium.cl_-Coverage-Drilldown-2026-10-03(1).zip
Bloqueada por robots.txt,https://regalospremium.cl/regalos-publicitarios-para-automovil/?order=product.name.asc,2026-07-08,https___regalospremium.cl_-Coverage-Drilldown-2026-10-03(1).zip
Bloqueada por robots.txt,https://regalospremium.cl/regalos-promocionales-tecnologicos/?order=product.position.asc,2026-07-07,https___regalospremium.cl_-Coverage-Drilldown-2026-10-03(1).zip
Bloqueada por robots.txt,https://regalospremium.cl/boligrafos-y-lapices-publicitarios/?order=product.name.desc,2026-07-07,https___regalospremium.cl_-Coverage-Drilldown-2026-10-03(1).zip
Bloqueada por robots.txt,https://regalospremium.cl/bolsas-de-yute-publicitarias/?order=product.name.desc,2026-07-04,https___regalospremium.cl_-Coverage-Drilldown-2026-10-03(1).zip
Bloqueada por robots.txt,https://regalospremium.cl/medallas-trofeos-galvanos/?order=product.name.asc,2026-07-03,https___regalospremium.cl_-Coverage-Drilldown-2026-10-03(1).zip
Bloqueada por robots.txt,https://regalospremium.cl/cotizar-productos-para-sublimacion/?order=product.name.desc,2026-07-03,https___regalospremium.cl_-Coverage-Drilldown-2026-10-03(1).zip
Bloqueada por robots.txt,https://regalospremium.cl/bolsas-de-yute-publicitarias/?order=product.name.asc,2026-07-03,https___regalospremium.cl_-Coverage-Drilldown-2026-10-03(1).zip
Bloqueada por robots.txt,https://regalospremium.cl/bolsos-y-mochilas-publicitarios/?order=product.position.asc,2026-07-02,https___regalospremium.cl_-Coverage-Drilldown-2026-10-03(1).zip
Bloqueada por robots.txt,https://regalospremium.cl/coolers-publicitarios/?order=product.name.asc,2026-07-02,https___regalospremium.cl_-Coverage-Drilldown-2026-10-03(1).zip
Bloqueada por robots.txt,https://regalospremium.cl/bolsas-de-fieltro-publicitarias/?order=product.position.asc,2026-07-01,https___regalospremium.cl_-Coverage-Drilldown-2026-10-03(1).zip
Bloqueada por robots.txt,https://regalospremium.cl/index.php?controller=module-ps_shoppingcart-ajax,2026-06-29,https___regalospremium.cl_-Coverage-Drilldown-2026-10-03(1).zip
Bloqueada por robots.txt,https://regalospremium.cl/index.php?controller=module-stshoppingcart-ajax,2026-06-27,https___regalospremium.cl_-Coverage-Drilldown-2026-10-03(1).zip
Página alternativa con etiqueta canónica adecuada,https://regalospremium.cl/publicitarios-ecofriendly/,2026-09-13,https___regalospremium.cl_-Coverage-Drilldown-2026-10-03(2).zip
Página alternativa con etiqueta canónica adecuada,https://regalospremium.cl/boligrafos-funcionales-y-destacadores/,2026-09-12,https___regalospremium.cl_-Coverage-Drilldown-2026-10-03(2).zip
Página alternativa con etiqueta canónica adecuada,https://regalospremium.cl/boligrafos-cuerpo-blanco/,2026-09-05,https___regalospremium.cl_-Coverage-Drilldown-2026-10-03(2).zip
Página alternativa con etiqueta canónica adecuada,https://regalospremium.cl/mugs-termos-sublimacion/,2026-09-01,https___regalospremium.cl_-Coverage-Drilldown-2026-10-03(2).zip
Página alternativa con etiqueta canónica adecuada,https://regalospremium.cl/publicitarios-bamboo/,2026-08-31,https___regalospremium.cl_-Coverage-Drilldown-2026-10-03(2).zip
Página alternativa con etiqueta canónica adecuada,https://regalospremium.cl/llaveros-metalicos/,2026-08-30,https___regalospremium.cl_-Coverage-Drilldown-2026-10-03(2).zip
Página alternativa con etiqueta canónica adecuada,https://regalospremium.cl/boligrafos-cuerpo-color/,2026-08-22,https___regalospremium.cl_-Coverage-Drilldown-2026-10-03(2).zip
Página alternativa con etiqueta canónica adecuada,https://regalospremium.cl/boligrafos-cuerpo-plateado/,2026-08-07,https___regalospremium.cl_-Coverage-Drilldown-2026-10-03(2).zip
Página alternativa con etiqueta canónica adecuada,https://regalospremium.cl/botellas-metalicas/?page=2,2026-08-06,https___regalospremium.cl_-Coverage-Drilldown-2026-10-03(2).zip
Página alternativa con etiqueta canónica adecuada,https://regalospremium.cl/botellas-metalicas/?page=3,2026-08-06,https___regalospremium.cl_-Coverage-Drilldown-2026-10-03(2).zip
Página alternativa con etiqueta canónica adecuada,https://regalospremium.cl/linea-ecologica-green/?order=product.name.asc,2026-06-25,https___regalospremium.cl_-Coverage-Drilldown-2026-10-03(2).zip
Página alternativa con etiqueta canónica adecuada,https://regalospremium.cl/regalos-promocionales-tecnologicos/?order=product.name.asc&page=2,2026-06-09,https___regalospremium.cl_-Coverage-Drilldown-2026-10-03(2).zip
Página alternativa con etiqueta canónica adecuada,https://regalospremium.cl/bolsos-y-mochilas-publicitarios/?order=product.name.asc&page=4,2026-05-29,https___regalospremium.cl_-Coverage-Drilldown-2026-10-03(2).zip
Página alternativa con etiqueta canónica adecuada,https://regalospremium.cl/bolsos-y-mochilas-publicitarios/?order=product.name.desc&page=2,2026-05-29,https___regalospremium.cl_-Coverage-Drilldown-2026-10-03(2).zip
Página alternativa con etiqueta canónica adecuada,https://regalospremium.cl/bolsas-de-tnt-publicitarias/?order=product.name.desc&page=2,2026-05-25,https___regalospremium.cl_-Coverage-Drilldown-2026-10-03(2).zip
Página alternativa con etiqueta canónica adecuada,https://regalospremium.cl/billeteras-y-porta-documentos/?order=product.position.asc,2026-05-19,https___regalospremium.cl_-Coverage-Drilldown-2026-10-03(2).zip
Página alternativa con etiqueta canónica adecuada,https://regalospremium.cl/boligrafos-cuerpo-plateado/?order=product.position.asc,2026-05-17,https___regalospremium.cl_-Coverage-Drilldown-2026-10-03(2).zip
Página alternativa con etiqueta canónica adecuada,https://regalospremium.cl/bolsas-publicitarias-con-logotipo/?order=product.name.desc&page=2,2026-05-16,https___regalospremium.cl_-Coverage-Drilldown-2026-10-03(2).zip
Página alternativa con etiqueta canónica adecuada,https://regalospremium.cl/publicitarios-ecofriendly/?order=product.position.asc&page=2,2026-05-04,https___regalospremium.cl_-Coverage-Drilldown-2026-10-03(2).zip
Página alternativa con etiqueta canónica adecuada,https://regalospremium.cl/publicitarios-ecofriendly/?order=product.position.asc,2026-05-04,https___regalospremium.cl_-Coverage-Drilldown-2026-10-03(2).zip
Página alternativa con etiqueta canónica adecuada,https://regalospremium.cl/bolsos-y-mochilas-publicitarios/?order=product.position.asc&page=4,2026-05-03,https___regalospremium.cl_-Coverage-Drilldown-2026-10-03(2).zip
Página alternativa con etiqueta canónica adecuada,https://regalospremium.cl/bolsos-y-mochilas-publicitarios/?order=product.position.asc&page=2,2026-05-03,https___regalospremium.cl_-Coverage-Drilldown-2026-10-03(2).zip
Página alternativa con etiqueta canónica adecuada,https://regalospremium.cl/publicitarios-ecofriendly/?order=product.name.asc&page=2,2026-05-03,https___regalospremium.cl_-Coverage-Drilldown-2026-10-03(2).zip
Página alternativa con etiqueta canónica adecuada,https://regalospremium.cl/publicitarios-para-tiempo-libre/?order=product.position.asc,2026-05-02,https___regalospremium.cl_-Coverage-Drilldown-2026-10-03(2).zip
Página alternativa con etiqueta canónica adecuada,https://regalospremium.cl/publicitarios-para-tiempo-libre/?order=product.name.asc,2026-05-02,https___regalospremium.cl_-Coverage-Drilldown-2026-10-03(2).zip
Página alternativa con etiqueta canónica adecuada,https://regalospremium.cl/publicitarios-para-tiempo-libre/?order=product.name.desc,2026-05-02,https___regalospremium.cl_-Coverage-Drilldown-2026-10-03(2).zip
Página alternativa con etiqueta canónica adecuada,https://regalospremium.cl/regalos-publicitarios-novedosos/?order=product.name.asc,2026-04-29,https___regalospremium.cl_-Coverage-Drilldown-2026-10-03(2).zip
Duplicada: Google ha elegido una versión canónica diferente a la del usuario,https://regalospremium.cl/botellas-metalicas-publicitarias/mug-termico-giant-1200cc-con-bombilla.html,2026-09-10,https___regalospremium.cl_-Coverage-Drilldown-2026-10-03(3).zip
"Excluida por una etiqueta ""noindex""",https://regalospremium.cl/content/politica-de-privacidad,2025-11-15,https___regalospremium.cl_-Coverage-Drilldown-2026-10-03(4).zip
No se ha encontrado (404),https://regalospremium.cl/bolsos-y-mochilas-publicitarios/mochila-picnic.html,2026-09-19,https___regalospremium.cl_-Coverage-Drilldown-2026-10-03.zip
No se ha encontrado (404),https://regalospremium.cl/publicitarios-belleza-y-salud/deluxe-billetera-de-cuero-color-cafe-.html,2026-09-18,https___regalospremium.cl_-Coverage-Drilldown-2026-10-03.zip
No se ha encontrado (404),https://regalospremium.cl/bolsas-publicitarias-con-logotipo/bolsa-algodon-manijas-colores-reutilizable.html,2026-09-01,https___regalospremium.cl_-Coverage-Drilldown-2026-10-03.zip
No se ha encontrado (404),https://regalospremium.cl/regalos-publicitarios-para-viajes-y-vacaciones/mesa-plegable-de-picnic.html,2026-08-24,https___regalospremium.cl_-Coverage-Drilldown-2026-10-03.zip
No se ha encontrado (404),https://regalospremium.cl/publicitarios-bamboo/set-escritura-bambu-boligrafo-portaminas-deluxe.html,2026-08-22,https___regalospremium.cl_-Coverage-Drilldown-2026-10-03.zip
No se ha encontrado (404),https://regalospremium.cl/merchandising-masivo/,2026-08-21,https___regalospremium.cl_-Coverage-Drilldown-2026-10-03.zip
No se ha encontrado (404),https://regalospremium.cl/bolsos-y-mochilas-publicitarios/mochila-netech.html,2026-08-17,https___regalospremium.cl_-Coverage-Drilldown-2026-10-03.zip
No se ha encontrado (404),https://regalospremium.cl/boligrafos-metalicos-y-ejecutivos/boligrafo-negro-cobre-tinta-azul.html,2026-08-14,https___regalospremium.cl_-Coverage-Drilldown-2026-10-03.zip
No se ha encontrado (404),https://regalospremium.cl/regalos-publicitarios-para-invierno/,2026-06-06,https___regalospremium.cl_-Coverage-Drilldown-2026-10-03.zip
No se ha encontrado (404),https://regalospremium.cl/publicitarios-ecofriendly/llavero-linterna-led-dinamo.html,2026-06-06,https___regalospremium.cl_-Coverage-Drilldown-2026-10-03.zip
No se ha encontrado (404),https://regalospremium.cl/publicitarios-bamboo/pendrive-4gb-de-bamboo.html,2026-05-13,https___regalospremium.cl_-Coverage-Drilldown-2026-10-03.zip
