url,name,last_crawl,issues
https://regalospremium.cl/botellas-metalicas-publicitarias/botella-termica-ally-acabado-mate.html,"Botella térmica ""ALLY"" acabado mate",2026-10-02,"Falta el campo ""price"" (en ""offers"") | Se debe especificar ""price"" o ""priceSpecification.price"" (en ""offers"") | Debe especificarse ""offers"", ""review"" o ""aggregateRating"""
https://regalospremium.cl/botellas-metalicas-publicitarias/botella-acero-encobrizada-600ml-con-filtro-premium.html,Botella Encobrizada con Filtro,2026-10-02,"Falta el campo ""price"" (en ""offers"") | Se debe especificar ""price"" o ""priceSpecification.price"" (en ""offers"") | Debe especificarse ""offers"", ""review"" o ""aggregateRating"""
https://regalospremium.cl/botellas-plasticas-publicitarias/mug-termico-600ml-tapa-antiderrame-premium.html,Botella PET tapa bamboo AINOA,2026-10-02,"Falta el campo ""price"" (en ""offers"") | Se debe especificar ""price"" o ""priceSpecification.price"" (en ""offers"") | Debe especificarse ""offers"", ""review"" o ""aggregateRating"""
https://regalospremium.cl/audio-publicitario/parlante-bamboo-luces-led-bluetooth-caja-negra.html,Parlante Altavoz grande de Bamboo GREAT,2026-10-02,"Falta el campo ""price"" (en ""offers"") | Se debe especificar ""price"" o ""priceSpecification.price"" (en ""offers"") | Debe especificarse ""offers"", ""review"" o ""aggregateRating"""
https://regalospremium.cl/cuadernos-libretas-memo-set-publicitarios/cuaderno-a5-anillado-metalico-hojas-cuadriculadas.html,Cuaderno matemáticas tapa dura plateada,2026-10-01,"Falta el campo ""price"" (en ""offers"") | Se debe especificar ""price"" o ""priceSpecification.price"" (en ""offers"") | Debe especificarse ""offers"", ""review"" o ""aggregateRating"""
https://regalospremium.cl/mugs-ecologicos-publicitarios/mug-eco-cup-wheat-straw-fibra-trigo.html,Mug Eco WHEAT STRAW con Banda de Silicona,2026-09-29,"Falta el campo ""price"" (en ""offers"") | Se debe especificar ""price"" o ""priceSpecification.price"" (en ""offers"") | Debe especificarse ""offers"", ""review"" o ""aggregateRating"""
https://regalospremium.cl/mugs-metalicos-publicitarios/set-de-mate-cordoba.html,Set de Mate «CÓRDOBA»,2026-09-29,"Falta el campo ""price"" (en ""offers"") | Se debe especificar ""price"" o ""priceSpecification.price"" (en ""offers"") | Debe especificarse ""offers"", ""review"" o ""aggregateRating"""
https://regalospremium.cl/cuadernos-libretas-memo-set-publicitarios/cuaderno-a5-old-tapa-envejecida-cierre-imantado.html,Cuaderno Antiguo A5,2026-09-29,"Falta el campo ""price"" (en ""offers"") | Se debe especificar ""price"" o ""priceSpecification.price"" (en ""offers"") | Debe especificarse ""offers"", ""review"" o ""aggregateRating"""
https://regalospremium.cl/cuadernos-libretas-memo-set-publicitarios/libreta-a6-eco-cuero-hojas-lineadas.html,Cuaderno de PU eco-cuero A6,2026-09-28,"Falta el campo ""price"" (en ""offers"") | Se debe especificar ""price"" o ""priceSpecification.price"" (en ""offers"") | Debe especificarse ""offers"", ""review"" o ""aggregateRating"""
https://regalospremium.cl/publicitarios-belleza-y-salud/pastillero-plastico-7-dias-personalizado.html,"Pastillero Plástico 7 Días Personalizado ""FLOR""",2026-09-27,"Falta el campo ""price"" (en ""offers"") | Se debe especificar ""price"" o ""priceSpecification.price"" (en ""offers"") | Debe especificarse ""offers"", ""review"" o ""aggregateRating"""
https://regalospremium.cl/boligrafos-y-lapices-eco-publicitarios/boligrafo-ecologico-element-2-fibra-trigo.html,Bolígrafo Ecológico ELEMENT,2026-09-27,"Falta el campo ""price"" (en ""offers"") | Se debe especificar ""price"" o ""priceSpecification.price"" (en ""offers"") | Debe especificarse ""offers"", ""review"" o ""aggregateRating"""
https://regalospremium.cl/cuadernos-libretas-memo-set-publicitarios/cuaderno-a5-eco-cuero-hojas-lineadas.html,Cuaderno A5 eco-cuero personalizado con logo,2026-09-12,"Falta el campo ""price"" (en ""offers"") | Se debe especificar ""price"" o ""priceSpecification.price"" (en ""offers"") | Debe especificarse ""offers"", ""review"" o ""aggregateRating"""
https://regalospremium.cl/maletines-y-fundas/maletin-ejecutivo-eco-cuero-bronson.html,"Maletín ejecutivo porta-notebook de Eco-cuero ""BRONSON""",2026-09-11,"Falta el campo ""price"" (en ""offers"") | Se debe especificar ""price"" o ""priceSpecification.price"" (en ""offers"") | Debe especificarse ""offers"", ""review"" o ""aggregateRating"""
https://regalospremium.cl/medallas-trofeos-galvanos-publicitarios/trofeo-de-cristal-triangle.html,Trofeo de Cristal TRIANGLE,2026-08-09,"Falta el campo ""price"" (en ""offers"") | Se debe especificar ""price"" o ""priceSpecification.price"" (en ""offers"") | Debe especificarse ""offers"", ""review"" o ""aggregateRating"""
https://regalospremium.cl/the-green-life/boligrafo-arusha-acero-corcho-natural.html,Bolígrafo ARUSHA,2026-08-08,"Falta el campo ""price"" (en ""offers"") | Se debe especificar ""price"" o ""priceSpecification.price"" (en ""offers"") | Debe especificarse ""offers"", ""review"" o ""aggregateRating"""
https://regalospremium.cl/mugs-botellas-termos/botella-termica-dos-tapas-500ml-personalizada.html,"Botella térmica con dos tapas ""ROLLING TOP""",2026-06-24,"Debe especificarse ""offers"", ""review"" o ""aggregateRating"""
https://regalospremium.cl/mugs-botellas-termos/taza-con-cierre-mika.html,"Taza con Cierre ""MIKA""",2026-06-24,"Debe especificarse ""offers"", ""review"" o ""aggregateRating"""
