url,http_status,redirect_chain,in_live_sitemap,redirect_rule,canonical_current,expected_canonical,prestashop_match,product_id,reference,active,indexed,classification,action,gsc_last_crawl,url_inspection,search_analytics
https://regalospremium.cl/bolsos-y-mochilas-publicitarios/mochila-picnic.html,404,301 https://regalospremium.cl/bolsos-y-mochilas-publicitarios/mochila-picnic.html -> 404 https://regalospremium.cl/greda/mochila-picnic.html,no,,,,product link_rewrite exact,1022,K4,0,0,RISK,candidata a baja; conservar 404 y retirar de sitemap si apareciera; revisión humana,2026-09-19,NOT_QUERIED_SERVICE_ACCOUNT_UNAVAILABLE,NOT_QUERIED_SERVICE_ACCOUNT_UNAVAILABLE
https://regalospremium.cl/publicitarios-belleza-y-salud/deluxe-billetera-de-cuero-color-cafe-.html,404,404 https://regalospremium.cl/publicitarios-belleza-y-salud/deluxe-billetera-de-cuero-color-cafe-.html,no,,,https://regalospremium.cl/publicitarios-belleza-y-salud/,category link_rewrite exact,category:45,,1,,PENDING,301 candidata hacia categoría activa https://regalospremium.cl/publicitarios-belleza-y-salud/ sólo tras validar equivalencia semántica,2026-09-18,NOT_QUERIED_SERVICE_ACCOUNT_UNAVAILABLE,NOT_QUERIED_SERVICE_ACCOUNT_UNAVAILABLE
https://regalospremium.cl/bolsas-publicitarias-con-logotipo/bolsa-algodon-manijas-colores-reutilizable.html,404,404 https://regalospremium.cl/bolsas-publicitarias-con-logotipo/bolsa-algodon-manijas-colores-reutilizable.html,no,,,https://regalospremium.cl/bolsas-publicitarias-con-logotipo/,category link_rewrite exact,category:15,,1,,PENDING,301 candidata hacia categoría activa https://regalospremium.cl/bolsas-publicitarias-con-logotipo/ sólo tras validar equivalencia semántica,2026-09-01,NOT_QUERIED_SERVICE_ACCOUNT_UNAVAILABLE,NOT_QUERIED_SERVICE_ACCOUNT_UNAVAILABLE
https://regalospremium.cl/regalos-publicitarios-para-viajes-y-vacaciones/mesa-plegable-de-picnic.html,404,404 https://regalospremium.cl/regalos-publicitarios-para-viajes-y-vacaciones/mesa-plegable-de-picnic.html,no,,,https://regalospremium.cl/regalos-publicitarios-para-viajes-y-vacaciones/,category link_rewrite exact,category:80,,1,,PENDING,301 candidata hacia categoría activa https://regalospremium.cl/regalos-publicitarios-para-viajes-y-vacaciones/ sólo tras validar equivalencia semántica,2026-08-24,NOT_QUERIED_SERVICE_ACCOUNT_UNAVAILABLE,NOT_QUERIED_SERVICE_ACCOUNT_UNAVAILABLE
https://regalospremium.cl/publicitarios-bamboo/set-escritura-bambu-boligrafo-portaminas-deluxe.html,404,301 https://regalospremium.cl/publicitarios-bamboo/set-escritura-bambu-boligrafo-portaminas-deluxe.html -> 404 https://regalospremium.cl/regalos-corporativos-bambu/set-escritura-bambu-boligrafo-portaminas-deluxe.html,no,"{""old_url"": ""https://regalospremium.cl/publicitarios-bamboo/*"", ""new_url"": ""https://regalospremium.cl/regalos-corporativos-bambu/*"", ""http_code"": ""301"", ""status"": ""APPLIED"", ""effective_date"": ""2026-09-30"", ""reason"": ""Consolidación del subárbol Bamboo""}",,,none,,,,,PENDING,corregir destino de regla 301 APPLIED; la cadena actual termina en 404,2026-08-22,NOT_QUERIED_SERVICE_ACCOUNT_UNAVAILABLE,NOT_QUERIED_SERVICE_ACCOUNT_UNAVAILABLE
https://regalospremium.cl/merchandising-masivo/,404,404 https://regalospremium.cl/merchandising-masivo/,no,,https://regalospremium.cl/merchandising-masivo/,https://regalospremium.cl/merchandising-masivo/,category link_rewrite exact,category:124,,0,,RISK,candidata a baja; conservar 404 y retirar de sitemap si apareciera; revisión humana,2026-08-21,NOT_QUERIED_SERVICE_ACCOUNT_UNAVAILABLE,NOT_QUERIED_SERVICE_ACCOUNT_UNAVAILABLE
https://regalospremium.cl/bolsos-y-mochilas-publicitarios/mochila-netech.html,404,301 https://regalospremium.cl/bolsos-y-mochilas-publicitarios/mochila-netech.html -> 404 https://regalospremium.cl/greda/mochila-netech.html,no,,,,product link_rewrite exact,1020,K7,0,0,RISK,candidata a baja; conservar 404 y retirar de sitemap si apareciera; revisión humana,2026-08-17,NOT_QUERIED_SERVICE_ACCOUNT_UNAVAILABLE,NOT_QUERIED_SERVICE_ACCOUNT_UNAVAILABLE
https://regalospremium.cl/boligrafos-metalicos-y-ejecutivos/boligrafo-negro-cobre-tinta-azul.html,404,404 https://regalospremium.cl/boligrafos-metalicos-y-ejecutivos/boligrafo-negro-cobre-tinta-azul.html,no,,,,none,,,,,RISK,candidata a baja; conservar 404 y retirar de sitemap si apareciera; revisión humana,2026-08-14,NOT_QUERIED_SERVICE_ACCOUNT_UNAVAILABLE,NOT_QUERIED_SERVICE_ACCOUNT_UNAVAILABLE
https://regalospremium.cl/regalos-publicitarios-para-invierno/,200,200 https://regalospremium.cl/regalos-publicitarios-para-invierno/,yes,,https://regalospremium.cl/regalos-publicitarios-para-invierno/,https://regalospremium.cl/regalos-publicitarios-para-invierno/,category link_rewrite exact,category:53,,1,,PASS,conservar; canonical actual coincide,2026-06-06,NOT_QUERIED_SERVICE_ACCOUNT_UNAVAILABLE,NOT_QUERIED_SERVICE_ACCOUNT_UNAVAILABLE
https://regalospremium.cl/publicitarios-ecofriendly/llavero-linterna-led-dinamo.html,404,404 https://regalospremium.cl/publicitarios-ecofriendly/llavero-linterna-led-dinamo.html,no,,,,none,,,,,RISK,candidata a baja; conservar 404 y retirar de sitemap si apareciera; revisión humana,2026-06-06,NOT_QUERIED_SERVICE_ACCOUNT_UNAVAILABLE,NOT_QUERIED_SERVICE_ACCOUNT_UNAVAILABLE
https://regalospremium.cl/publicitarios-bamboo/pendrive-4gb-de-bamboo.html,404,301 https://regalospremium.cl/publicitarios-bamboo/pendrive-4gb-de-bamboo.html -> 301 https://regalospremium.cl/regalos-corporativos-bambu/pendrive-4gb-de-bamboo.html -> 404 https://regalospremium.cl/greda/pendrive-4gb-de-bamboo.html,no,"{""old_url"": ""https://regalospremium.cl/publicitarios-bamboo/*"", ""new_url"": ""https://regalospremium.cl/regalos-corporativos-bambu/*"", ""http_code"": ""301"", ""status"": ""APPLIED"", ""effective_date"": ""2026-09-30"", ""reason"": ""Consolidación del subárbol Bamboo""}",,,product link_rewrite exact,70,B58,0,0,PENDING,corregir destino de regla 301 APPLIED; la cadena actual termina en 404,2026-05-13,NOT_QUERIED_SERVICE_ACCOUNT_UNAVAILABLE,NOT_QUERIED_SERVICE_ACCOUNT_UNAVAILABLE
