url,source,http_status,final_url,redirect_chain,in_sitemap,redirect_rule,canonical_target,prestashop_match,product_id,reference,gsc_verdict,gsc_coverage,last_crawl,clicks,impressions,classification,reason,evidence
https://regalospremium.cl/audio/,reports/ads/ads_url_http_20260917.csv:DEAD_404,404,https://regalospremium.cl/audio/,none,no,,,not applicable,,,NEUTRAL,URL is unknown to Google,,0,0,RISK,Current 404 with no local product canonical or redirect rule; candidate for human cleanup review only.,HTTP 404; final=https://regalospremium.cl/audio/; chain=none | candidate_in_sitemap=no | final_in_sitemap=no | inspection=verdict=NEUTRAL; coverage=URL is unknown to Google
https://regalospremium.cl/bamboo/,reports/ads/ads_url_http_20260917.csv:INCONCLUSIVE_SERVER_LOOP,404,https://regalospremium.cl/bamboo/,none,no,,,not applicable,,,not inspected,not inspected,not inspected,0,0,RISK,Current 404 with no local product canonical or redirect rule; candidate for human cleanup review only.,HTTP 404; final=https://regalospremium.cl/bamboo/; chain=none | candidate_in_sitemap=no | final_in_sitemap=no
https://regalospremium.cl/bolsas-de-algodon/,reports/ads/ads_url_http_20260917.csv:INCONCLUSIVE_SERVER_LOOP,404,https://regalospremium.cl/bolsas-de-algodon/,none,no,,,not applicable,,,not inspected,not inspected,not inspected,0,0,RISK,Current 404 with no local product canonical or redirect rule; candidate for human cleanup review only.,HTTP 404; final=https://regalospremium.cl/bolsas-de-algodon/; chain=none | candidate_in_sitemap=no | final_in_sitemap=no
https://regalospremium.cl/bolsas-de-papel/,reports/ads/ads_url_http_20260917.csv:INCONCLUSIVE_SERVER_LOOP,404,https://regalospremium.cl/bolsas-de-papel/,none,no,,,not applicable,,,not inspected,not inspected,not inspected,0,0,RISK,Current 404 with no local product canonical or redirect rule; candidate for human cleanup review only.,HTTP 404; final=https://regalospremium.cl/bolsas-de-papel/; chain=none | candidate_in_sitemap=no | final_in_sitemap=no
https://regalospremium.cl/bolsas-de-yute/,reports/ads/ads_url_http_20260917.csv:INCONCLUSIVE_SERVER_LOOP,404,https://regalospremium.cl/bolsas-de-yute/,none,no,,,not applicable,,,not inspected,not inspected,not inspected,0,0,RISK,Current 404 with no local product canonical or redirect rule; candidate for human cleanup review only.,HTTP 404; final=https://regalospremium.cl/bolsas-de-yute/; chain=none | candidate_in_sitemap=no | final_in_sitemap=no
https://regalospremium.cl/bolsas-tnt/,reports/ads/ads_url_http_20260917.csv:DEAD_404,404,https://regalospremium.cl/bolsas-tnt/,none,no,,,not applicable,,,NEUTRAL,URL is unknown to Google,,0,0,RISK,Current 404 with no local product canonical or redirect rule; candidate for human cleanup review only.,HTTP 404; final=https://regalospremium.cl/bolsas-tnt/; chain=none | candidate_in_sitemap=no | final_in_sitemap=no | inspection=verdict=NEUTRAL; coverage=URL is unknown to Google
https://regalospremium.cl/cuadernos-libretas-memo-set/,reports/ads/ads_url_http_20260917.csv:INCONCLUSIVE_SERVER_LOOP,404,https://regalospremium.cl/cuadernos-libretas-memo-set/,none,no,,,not applicable,,,not inspected,not inspected,not inspected,0,0,RISK,Current 404 with no local product canonical or redirect rule; candidate for human cleanup review only.,HTTP 404; final=https://regalospremium.cl/cuadernos-libretas-memo-set/; chain=none | candidate_in_sitemap=no | final_in_sitemap=no
https://regalospremium.cl/memorias-usb/,reports/ads/ads_url_http_20260917.csv:DEAD_404,404,https://regalospremium.cl/memorias-usb/,none,no,,,not applicable,,,NEUTRAL,URL is unknown to Google,,0,0,RISK,Current 404 with no local product canonical or redirect rule; candidate for human cleanup review only.,HTTP 404; final=https://regalospremium.cl/memorias-usb/; chain=none | candidate_in_sitemap=no | final_in_sitemap=no | inspection=verdict=NEUTRAL; coverage=URL is unknown to Google
https://regalospremium.cl/tecnologicos/,reports/ads/ads_url_http_20260917.csv:INCONCLUSIVE_SERVER_LOOP,404,https://regalospremium.cl/tecnologicos/,none,no,,,not applicable,,,not inspected,not inspected,not inspected,0,0,RISK,Current 404 with no local product canonical or redirect rule; candidate for human cleanup review only.,HTTP 404; final=https://regalospremium.cl/tecnologicos/; chain=none | candidate_in_sitemap=no | final_in_sitemap=no
https://regalospremium.cl/verano/,reports/ads/ads_url_http_20260917.csv:INCONCLUSIVE_SERVER_LOOP,404,https://regalospremium.cl/verano/,none,no,,,not applicable,,,not inspected,not inspected,not inspected,0,0,RISK,Current 404 with no local product canonical or redirect rule; candidate for human cleanup review only.,HTTP 404; final=https://regalospremium.cl/verano/; chain=none | candidate_in_sitemap=no | final_in_sitemap=no
https://regalospremium.cl/verano/?page=2,reports/ads/ads_url_http_20260917.csv:INCONCLUSIVE_SERVER_LOOP,404,https://regalospremium.cl/verano/?page=2,none,no,,,not applicable,,,not inspected,not inspected,not inspected,0,0,RISK,Current 404 with no local product canonical or redirect rule; candidate for human cleanup review only.,HTTP 404; final=https://regalospremium.cl/verano/?page=2; chain=none | candidate_in_sitemap=no | final_in_sitemap=no
http://regalospremium.cl/index.php?keyword=llaveros&limitstart=0&option=com_virtuemart&view=category,reports/ads/ads_url_http_20260917.csv:INCONCLUSIVE_SERVER_LOOP,200,https://regalospremium.cl/?keyword=llaveros&limitstart=0&option=com_virtuemart&view=category,301 http://regalospremium.cl/index.php?keyword=llaveros&limitstart=0&option=com_virtuemart&view=category => https://regalospremium.cl/index.php?keyword=llaveros&limitstart=0&option=com_virtuemart&view=category -> 301 https://regalospremium.cl/index.php?keyword=llaveros&limitstart=0&option=com_virtuemart&view=category => https://regalospremium.cl/?keyword=llaveros&limitstart=0&option=com_virtuemart&view=category,no,,https://regalospremium.cl/,not applicable,,,not inspected,not inspected,not inspected,0,0,PENDING,Current URL resolves but lacks sitemap/local canonical support or is a legacy/malformed variant.,HTTP 200; final=https://regalospremium.cl/?keyword=llaveros&limitstart=0&option=com_virtuemart&view=category; chain=301 http://regalospremium.cl/index.php?keyword=llaveros&limitstart=0&option=com_virtuemart&view=category => https://regalospremium.cl/index.php?keyword=llaveros&limitstart=0&option=com_virtuemart&view=category -> 301 https://regalospremium.cl/index.php?keyword=llaveros&limitstart=0&option=com_virtuemart&view=category => https://regalospremium.cl/?keyword=llaveros&limitstart=0&option=com_virtuemart&view=category | candidate_in_sitemap=no | final_in_sitemap=no
http://regalospremium.cl/index.php?option=com_virtuemart&view=category&virtuemart_category_id=18,reports/ads/ads_url_http_20260917.csv:INCONCLUSIVE_SERVER_LOOP,200,https://regalospremium.cl/?option=com_virtuemart&view=category&virtuemart_category_id=18,301 http://regalospremium.cl/index.php?option=com_virtuemart&view=category&virtuemart_category_id=18 => https://regalospremium.cl/index.php?option=com_virtuemart&view=category&virtuemart_category_id=18 -> 301 https://regalospremium.cl/index.php?option=com_virtuemart&view=category&virtuemart_category_id=18 => https://regalospremium.cl/?option=com_virtuemart&view=category&virtuemart_category_id=18,no,,https://regalospremium.cl/,not applicable,,,not inspected,not inspected,not inspected,0,0,PENDING,Current URL resolves but lacks sitemap/local canonical support or is a legacy/malformed variant.,HTTP 200; final=https://regalospremium.cl/?option=com_virtuemart&view=category&virtuemart_category_id=18; chain=301 http://regalospremium.cl/index.php?option=com_virtuemart&view=category&virtuemart_category_id=18 => https://regalospremium.cl/index.php?option=com_virtuemart&view=category&virtuemart_category_id=18 -> 301 https://regalospremium.cl/index.php?option=com_virtuemart&view=category&virtuemart_category_id=18 => https://regalospremium.cl/?option=com_virtuemart&view=category&virtuemart_category_id=18 | candidate_in_sitemap=no | final_in_sitemap=no
http://regalospremium.cl/index.php?option=com_virtuemart&view=category&virtuemart_category_id=27,reports/ads/ads_url_http_20260917.csv:INCONCLUSIVE_SERVER_LOOP,200,https://regalospremium.cl/?option=com_virtuemart&view=category&virtuemart_category_id=27,301 http://regalospremium.cl/index.php?option=com_virtuemart&view=category&virtuemart_category_id=27 => https://regalospremium.cl/index.php?option=com_virtuemart&view=category&virtuemart_category_id=27 -> 301 https://regalospremium.cl/index.php?option=com_virtuemart&view=category&virtuemart_category_id=27 => https://regalospremium.cl/?option=com_virtuemart&view=category&virtuemart_category_id=27,no,,https://regalospremium.cl/,not applicable,,,not inspected,not inspected,not inspected,0,0,PENDING,Current URL resolves but lacks sitemap/local canonical support or is a legacy/malformed variant.,HTTP 200; final=https://regalospremium.cl/?option=com_virtuemart&view=category&virtuemart_category_id=27; chain=301 http://regalospremium.cl/index.php?option=com_virtuemart&view=category&virtuemart_category_id=27 => https://regalospremium.cl/index.php?option=com_virtuemart&view=category&virtuemart_category_id=27 -> 301 https://regalospremium.cl/index.php?option=com_virtuemart&view=category&virtuemart_category_id=27 => https://regalospremium.cl/?option=com_virtuemart&view=category&virtuemart_category_id=27 | candidate_in_sitemap=no | final_in_sitemap=no
https://regalospremium.cl,reports/ads/ads_url_http_20260917.csv:INCONCLUSIVE_SERVER_LOOP,200,https://regalospremium.cl/,none,no,,https://regalospremium.cl/,not applicable,,,not inspected,not inspected,not inspected,0,0,PENDING,Current URL resolves but lacks sitemap/local canonical support or is a legacy/malformed variant.,HTTP 200; final=https://regalospremium.cl/; chain=none | candidate_in_sitemap=no | final_in_sitemap=no
https://regalospremium.cl/boligrafos-metalicos-y-ejecutivos/,reports/ads/ads_url_http_20260917.csv:INCONCLUSIVE_SERVER_LOOP,200,https://regalospremium.cl/boligrafos-metalicos-y-ejecutivos/,none,no,,https://regalospremium.cl/boligrafos-metalicos-y-ejecutivos-publicitarios/,not applicable,,,not inspected,not inspected,not inspected,0,9,PENDING,Current URL resolves but lacks sitemap/local canonical support or is a legacy/malformed variant.,HTTP 200; final=https://regalospremium.cl/boligrafos-metalicos-y-ejecutivos/; chain=none | candidate_in_sitemap=no | final_in_sitemap=no
https://regalospremium.cl/bolsas-de-tnt-publicitarias/,reports/ads/ads_url_http_20260917.csv:INCONCLUSIVE_SERVER_LOOP,ERROR,https://regalospremium.cl/bolsas-de-tnt-publicitarias/,none,yes,,https://regalospremium.cl/bolsas-de-tnt-publicitarias/,not applicable,,,not inspected,not inspected,not inspected,1,325,PENDING,Current HTTP validation failed; no deletion inference is safe.,"HTTP ERROR; final=https://regalospremium.cl/bolsas-de-tnt-publicitarias/; chain=none | candidate_in_sitemap=yes | final_in_sitemap=yes | http_error=HTTP/1.1 200 OK
Date: Sat, 03 Oct 2026 04:45:43 GMT
Server: Apache
X-Powered-By: PHP/7.3.33
Expires: Thu, 19 Nov 1981 08:52:00 GMT
Cache-Control: no-store, no-cache, must-revalidate
Pragma: no-cache
Set-Cookie: PHPSESSID=45b294f6ecff91c0f512531d16f24e4e; expires=Sun, 25-Jul-2083 09:31:27 GMT; Max-Age=1792730743; path=/; secure; HttpOnly; SameSite=Lax
Set-Cookie: PrestaShop-f900cb195249d047dee79aee9efe37bb=def5020085d12696f1d2792bb191232727c80bebadc61dcd46dcdce8559a87202c4dac62bd495207e7d226dc6830f5603566401258f6304dde8a85bc9bba20be7c54456a7fb403ebb156a80bc628b7b42fcb6423927c8565691fff6eb3f214d8d2a1bfc04b602f290606bedbfd9e40d107d0138390cfe05c0c22f1e0a3935480f43c192bbf6a23c127e1a509940fe3ceb50633010a6b3b5831ab22251cc55f86675fad783edeb0e5d5d5cac5192a92a328e45bed21ddb671f99ecfce416fb9874caa8509f5141fae8cd1e672cc1f37d2aff6fb7815; expires=Fri, 23-Oct-2026 04:45:43 GMT; Max-Age=1727999; path=/; domain=regalospremium.cl; secure; HttpOnly; SameSite=Lax
Vary: User-Agent
Transfer-Encoding: chunked
Content-Type: text/html; charset=utf-8

curl: (28) Operation timed out after 3011 milliseconds with 32768 bytes received"
https://regalospremium.cl/bolsas-tnt/bolsa-basurin-para-vehiculo.html?mot_tcid=ba2fb161-0f90-4738-839a-95d72249b396,reports/ads/ads_url_http_20260917.csv:INCONCLUSIVE_SERVER_LOOP,200,https://regalospremium.cl/bolsas-de-tnt-publicitarias/bolsa-basurin-para-vehiculo.html?mot_tcid=ba2fb161-0f90-4738-839a-95d72249b396,301 https://regalospremium.cl/bolsas-tnt/bolsa-basurin-para-vehiculo.html?mot_tcid=ba2fb161-0f90-4738-839a-95d72249b396 => https://regalospremium.cl/bolsas-de-tnt-publicitarias/bolsa-basurin-para-vehiculo.html?mot_tcid=ba2fb161-0f90-4738-839a-95d72249b396,no,,https://regalospremium.cl/bolsas-de-tnt-publicitarias/bolsa-basurin-para-vehiculo.html,not applicable,,,not inspected,not inspected,not inspected,0,0,PENDING,Current URL resolves but lacks sitemap/local canonical support or is a legacy/malformed variant.,HTTP 200; final=https://regalospremium.cl/bolsas-de-tnt-publicitarias/bolsa-basurin-para-vehiculo.html?mot_tcid=ba2fb161-0f90-4738-839a-95d72249b396; chain=301 https://regalospremium.cl/bolsas-tnt/bolsa-basurin-para-vehiculo.html?mot_tcid=ba2fb161-0f90-4738-839a-95d72249b396 => https://regalospremium.cl/bolsas-de-tnt-publicitarias/bolsa-basurin-para-vehiculo.html?mot_tcid=ba2fb161-0f90-4738-839a-95d72249b396 | candidate_in_sitemap=no | final_in_sitemap=no
https://regalospremium.cl/busqueda?controller=search&s=adaptador+usb,reports/ads/ads_url_http_20260917.csv:INCONCLUSIVE_SERVER_LOOP,200,https://regalospremium.cl/busqueda?controller=search&s=adaptador+usb,none,no,,,not applicable,,,not inspected,not inspected,not inspected,0,0,PENDING,Current URL resolves but lacks sitemap/local canonical support or is a legacy/malformed variant.,HTTP 200; final=https://regalospremium.cl/busqueda?controller=search&s=adaptador+usb; chain=none | candidate_in_sitemap=no | final_in_sitemap=no
https://regalospremium.cl/busqueda?controller=search&s=mouse,reports/ads/ads_url_http_20260917.csv:INCONCLUSIVE_SERVER_LOOP,200,https://regalospremium.cl/busqueda?controller=search&s=mouse,none,no,,,not applicable,,,not inspected,not inspected,not inspected,0,0,PENDING,Current URL resolves but lacks sitemap/local canonical support or is a legacy/malformed variant.,HTTP 200; final=https://regalospremium.cl/busqueda?controller=search&s=mouse; chain=none | candidate_in_sitemap=no | final_in_sitemap=no
https://regalospremium.cl/index.php?option=com_virtuemart&view=productdetails&virtuemart_product_id=266&virtuemart_category_id=20,reports/ads/ads_url_http_20260917.csv:INCONCLUSIVE_SERVER_LOOP,200,https://regalospremium.cl/?option=com_virtuemart&view=productdetails&virtuemart_product_id=266&virtuemart_category_id=20,301 https://regalospremium.cl/index.php?option=com_virtuemart&view=productdetails&virtuemart_product_id=266&virtuemart_category_id=20 => https://regalospremium.cl/?option=com_virtuemart&view=productdetails&virtuemart_product_id=266&virtuemart_category_id=20,no,,https://regalospremium.cl/,not applicable,,,not inspected,not inspected,not inspected,0,0,PENDING,Current URL resolves but lacks sitemap/local canonical support or is a legacy/malformed variant.,HTTP 200; final=https://regalospremium.cl/?option=com_virtuemart&view=productdetails&virtuemart_product_id=266&virtuemart_category_id=20; chain=301 https://regalospremium.cl/index.php?option=com_virtuemart&view=productdetails&virtuemart_product_id=266&virtuemart_category_id=20 => https://regalospremium.cl/?option=com_virtuemart&view=productdetails&virtuemart_product_id=266&virtuemart_category_id=20 | candidate_in_sitemap=no | final_in_sitemap=no
https://regalospremium.cl/lapices-ecologicos/,reports/ads/ads_url_http_20260917.csv:INCONCLUSIVE_SERVER_LOOP,200,https://regalospremium.cl/lapices-ecologicos/,none,no,,https://regalospremium.cl/boligrafos-y-lapices-eco-publicitarios/,not applicable,,,not inspected,not inspected,not inspected,0,20,PENDING,Current URL resolves but lacks sitemap/local canonical support or is a legacy/malformed variant.,HTTP 200; final=https://regalospremium.cl/lapices-ecologicos/; chain=none | candidate_in_sitemap=no | final_in_sitemap=no
https://regalospremium.cl/memorias-√,reports/ads/ads_url_http_20260917.csv:SKIP_INVALID,INVALID,,none,no,,,not applicable,,,not inspected,not inspected,not inspected,0,0,PENDING,Malformed source URL; no HTTP request issued; human review required.,HTTP INVALID; final=none; chain=none | candidate_in_sitemap=no | final_in_sitemap=no | http_error=invalid URL in source inventory
https://regalospremium.cl/regalo-publicitario-antistress/,reports/ads/ads_url_http_20260917.csv:INCONCLUSIVE_SERVER_LOOP,ERROR,https://regalospremium.cl/regalo-publicitario-antistress/,none,yes,,,not applicable,,,not inspected,not inspected,not inspected,0,7,PENDING,Current HTTP validation failed; no deletion inference is safe.,HTTP ERROR; final=https://regalospremium.cl/regalo-publicitario-antistress/; chain=none | candidate_in_sitemap=yes | final_in_sitemap=yes | http_error=curl: (28) Operation timed out after 3002 milliseconds with 0 bytes received
https://regalospremium.cl/regalos-publicitarios-ocio-y-pasatiempo/,reports/ads/ads_url_http_20260917.csv:INCONCLUSIVE_SERVER_LOOP,ERROR,https://regalospremium.cl/regalos-publicitarios-ocio-y-pasatiempo/,none,yes,,https://regalospremium.cl/regalos-publicitarios-ocio-y-pasatiempo/,not applicable,,,not inspected,not inspected,not inspected,0,16,PENDING,Current HTTP validation failed; no deletion inference is safe.,"HTTP ERROR; final=https://regalospremium.cl/regalos-publicitarios-ocio-y-pasatiempo/; chain=none | candidate_in_sitemap=yes | final_in_sitemap=yes | http_error=HTTP/1.1 200 OK
Date: Sat, 03 Oct 2026 04:46:36 GMT
Server: Apache
X-Powered-By: PHP/7.3.33
Expires: Thu, 19 Nov 1981 08:52:00 GMT
Cache-Control: no-store, no-cache, must-revalidate
Pragma: no-cache
Set-Cookie: PHPSESSID=b8eebc5718816508f8c5681344df508e; expires=Sun, 25-Jul-2083 09:33:14 GMT; Max-Age=1792730796; path=/; secure; HttpOnly; SameSite=Lax
Set-Cookie: PrestaShop-f900cb195249d047dee79aee9efe37bb=def5020087307dd2345356a78455dd8f6813a19935010da3f34746b746af9b1f336d773c46da064c9c8bca7ded031ac448123440105b8ee32c513dee50dcee95074e45829ff760414555e004648c8a6427d8b48a79d792991af999774d35cc5ca0829e43d396bdd897e7c22e70a5fe244c0c6d1b2c5062beed90d82d68648ebf336bbb2a08b397b6e73ea7ac2d50e56313deef6ed3d235e732f463c8927399d9af8b274dc4b690526202f9667a40bd1974f0213125d88a24581321ceda10b7916690fb893c68047117bc3e4d195b5586d4eb598a24; expires=Fri, 23-Oct-2026 04:46:36 GMT; Max-Age=1727998; path=/; domain=regalospremium.cl; secure; HttpOnly; SameSite=Lax
Vary: User-Agent
Transfer-Encoding: chunked
Content-Type: text/html; charset=utf-8

curl: (28) Operation timed out after 3018 milliseconds with 221178 bytes received"
https://regalospremium.cl/√,reports/ads/ads_url_http_20260917.csv:SKIP_INVALID,INVALID,,none,no,,,not applicable,,,not inspected,not inspected,not inspected,0,0,PENDING,Malformed source URL; no HTTP request issued; human review required.,HTTP INVALID; final=none; chain=none | candidate_in_sitemap=no | final_in_sitemap=no | http_error=invalid URL in source inventory
https://www.regalospremium.cl,reports/ads/ads_url_http_20260917.csv:INCONCLUSIVE_SERVER_LOOP,200,https://regalospremium.cl/,301 https://www.regalospremium.cl => https://regalospremium.cl/,no,,https://regalospremium.cl/,not applicable,,,not inspected,not inspected,not inspected,0,0,PENDING,Current URL resolves but lacks sitemap/local canonical support or is a legacy/malformed variant.,HTTP 200; final=https://regalospremium.cl/; chain=301 https://www.regalospremium.cl => https://regalospremium.cl/ | candidate_in_sitemap=no | final_in_sitemap=no
https://regalospremium.cl/accesorios-para-automovil/parasol-para-vehiculo.html,reports/ads/ads_url_http_20260917.csv:INCONCLUSIVE_SERVER_LOOP,200,https://regalospremium.cl/regalos-publicitarios-para-automovil/parasol-para-vehiculo.html,301 https://regalospremium.cl/accesorios-para-automovil/parasol-para-vehiculo.html => https://regalospremium.cl/regalos-publicitarios-para-automovil/parasol-para-vehiculo.html,no,,https://regalospremium.cl/regalos-publicitarios-para-automovil/parasol-para-vehiculo.html,not applicable,,,not inspected,not inspected,not inspected,0,0,PASS,Current URL resolves and is backed by sitemap or local canonical identity.,HTTP 200; final=https://regalospremium.cl/regalos-publicitarios-para-automovil/parasol-para-vehiculo.html; chain=301 https://regalospremium.cl/accesorios-para-automovil/parasol-para-vehiculo.html => https://regalospremium.cl/regalos-publicitarios-para-automovil/parasol-para-vehiculo.html | candidate_in_sitemap=no | final_in_sitemap=yes
https://regalospremium.cl/bolsas-de-yute-publicitarias/,reports/ads/ads_url_http_20260917.csv:INCONCLUSIVE_SERVER_LOOP,200,https://regalospremium.cl/bolsas-de-yute-publicitarias/,none,yes,,https://regalospremium.cl/bolsas-de-yute-publicitarias/,not applicable,,,not inspected,not inspected,not inspected,2,231,PASS,Current URL resolves and is backed by sitemap or local canonical identity.,HTTP 200; final=https://regalospremium.cl/bolsas-de-yute-publicitarias/; chain=none | candidate_in_sitemap=yes | final_in_sitemap=yes
https://regalospremium.cl/bolsas-tnt/bolsa-reutilizable-conference.html,reports/ads/ads_url_http_20260917.csv:INCONCLUSIVE_SERVER_LOOP,200,https://regalospremium.cl/bolsas-de-tnt-publicitarias/bolsa-reutilizable-conference.html,301 https://regalospremium.cl/bolsas-tnt/bolsa-reutilizable-conference.html => https://regalospremium.cl/bolsas-de-tnt-publicitarias/bolsa-reutilizable-conference.html,no,,https://regalospremium.cl/bolsas-de-tnt-publicitarias/bolsa-reutilizable-conference.html,not applicable,,,not inspected,not inspected,not inspected,0,0,PASS,Current URL resolves and is backed by sitemap or local canonical identity.,HTTP 200; final=https://regalospremium.cl/bolsas-de-tnt-publicitarias/bolsa-reutilizable-conference.html; chain=301 https://regalospremium.cl/bolsas-tnt/bolsa-reutilizable-conference.html => https://regalospremium.cl/bolsas-de-tnt-publicitarias/bolsa-reutilizable-conference.html | candidate_in_sitemap=no | final_in_sitemap=yes
https://regalospremium.cl/bolsos-y-mochilas-publicitarios/,reports/ads/ads_url_http_20260917.csv:INCONCLUSIVE_SERVER_LOOP,200,https://regalospremium.cl/bolsos-y-mochilas-publicitarios/,none,yes,,https://regalospremium.cl/bolsos-y-mochilas-publicitarios/,not applicable,,,not inspected,not inspected,not inspected,0,32,PASS,Current URL resolves and is backed by sitemap or local canonical identity.,HTTP 200; final=https://regalospremium.cl/bolsos-y-mochilas-publicitarios/; chain=none | candidate_in_sitemap=yes | final_in_sitemap=yes
https://regalospremium.cl/mochilas/,reports/ads/ads_url_http_20260917.csv:INCONCLUSIVE_NETWORK,200,https://regalospremium.cl/mochilas/,none,yes,,https://regalospremium.cl/mochilas/,not applicable,,,not inspected,not inspected,not inspected,1,35,PASS,Current URL resolves and is backed by sitemap or local canonical identity.,HTTP 200; final=https://regalospremium.cl/mochilas/; chain=none | candidate_in_sitemap=yes | final_in_sitemap=yes
https://regalospremium.cl/pendrive-publicitario/,reports/ads/ads_url_http_20260917.csv:INCONCLUSIVE_NETWORK,200,https://regalospremium.cl/pendrive-publicitario/,none,yes,,https://regalospremium.cl/pendrive-publicitario/,not applicable,,,not inspected,not inspected,not inspected,0,27,PASS,Current URL resolves and is backed by sitemap or local canonical identity.,HTTP 200; final=https://regalospremium.cl/pendrive-publicitario/; chain=none | candidate_in_sitemap=yes | final_in_sitemap=yes
https://regalospremium.cl/power-bank-y-accesorios/,reports/ads/ads_url_http_20260917.csv:INCONCLUSIVE_NETWORK,200,https://regalospremium.cl/power-bank-y-accesorios/,none,yes,,https://regalospremium.cl/power-bank-y-accesorios/,not applicable,,,not inspected,not inspected,not inspected,0,97,PASS,Current URL resolves and is backed by sitemap or local canonical identity.,HTTP 200; final=https://regalospremium.cl/power-bank-y-accesorios/; chain=none | candidate_in_sitemap=yes | final_in_sitemap=yes
https://regalospremium.cl/publicitarios-bamboo/,data/seo_redirects.csv:APPLIED,200,https://regalospremium.cl/regalos-corporativos-bambu/,301 https://regalospremium.cl/publicitarios-bamboo/ => https://regalospremium.cl/regalos-corporativos-bambu/,no,301 APPLIED -> https://regalospremium.cl/regalos-corporativos-bambu/,https://regalospremium.cl/regalos-corporativos-bambu/,not applicable,,,NEUTRAL,Page with redirect,2026-10-01T17:37:58Z,0,4,PASS,"Redirect rule is present and current request redirects; retained as resolved/quarantined, not a removal candidate.",HTTP 200; final=https://regalospremium.cl/regalos-corporativos-bambu/; chain=301 https://regalospremium.cl/publicitarios-bamboo/ => https://regalospremium.cl/regalos-corporativos-bambu/ | candidate_in_sitemap=no | final_in_sitemap=yes | redirect_csv=301 APPLIED -> https://regalospremium.cl/regalos-corporativos-bambu/ | inspection=verdict=NEUTRAL; coverage=Page with redirect; last_crawl=2026-10-01T17:37:58Z
https://regalospremium.cl/publicitarios-belleza-y-salud/,reports/ads/ads_url_http_20260917.csv:INCONCLUSIVE_SERVER_LOOP,200,https://regalospremium.cl/publicitarios-belleza-y-salud/,none,yes,,https://regalospremium.cl/publicitarios-belleza-y-salud/,not applicable,,,not inspected,not inspected,not inspected,0,16,PASS,Current URL resolves and is backed by sitemap or local canonical identity.,HTTP 200; final=https://regalospremium.cl/publicitarios-belleza-y-salud/; chain=none | candidate_in_sitemap=yes | final_in_sitemap=yes
https://regalospremium.cl/regalos-corporativos-bambu/set-de-escritura-de-bamboo.html,data/seo_redirects.csv:QUARANTINE,200,https://regalospremium.cl/regalos-corporativos-bambu/,301 https://regalospremium.cl/regalos-corporativos-bambu/set-de-escritura-de-bamboo.html => https://regalospremium.cl/regalos-corporativos-bambu/,no,301 QUARANTINE -> https://regalospremium.cl/regalos-corporativos-bambu/,https://regalospremium.cl/regalos-corporativos-bambu/,GET verified: active=1; reference=B47,1362,B47,NEUTRAL,Discovered - currently not indexed,,0,0,PASS,"Redirect rule is present and current request redirects; retained as resolved/quarantined, not a removal candidate.",HTTP 200; final=https://regalospremium.cl/regalos-corporativos-bambu/; chain=301 https://regalospremium.cl/regalos-corporativos-bambu/set-de-escritura-de-bamboo.html => https://regalospremium.cl/regalos-corporativos-bambu/ | candidate_in_sitemap=no | final_in_sitemap=yes | redirect_csv=301 QUARANTINE -> https://regalospremium.cl/regalos-corporativos-bambu/ | local_product=1362/B47 | prestashop=GET verified: active=1; reference=B47 | inspection=verdict=NEUTRAL; coverage=Discovered - currently not indexed
https://regalospremium.cl/regalos-ecologicos-premium/,reports/ads/ads_url_http_20260917.csv:INCONCLUSIVE_SERVER_LOOP,200,https://regalospremium.cl/regalos-ecologicos-premium/,none,yes,,https://regalospremium.cl/regalos-ecologicos-premium/,not applicable,,,not inspected,not inspected,not inspected,0,73,PASS,Current URL resolves and is backed by sitemap or local canonical identity.,HTTP 200; final=https://regalospremium.cl/regalos-ecologicos-premium/; chain=none | candidate_in_sitemap=yes | final_in_sitemap=yes
https://regalospremium.cl/regalos-promocionales-tecnologicos/,reports/ads/ads_url_http_20260917.csv:INCONCLUSIVE_SERVER_LOOP,200,https://regalospremium.cl/regalos-promocionales-tecnologicos/,none,yes,,https://regalospremium.cl/regalos-promocionales-tecnologicos/,not applicable,,,not inspected,not inspected,not inspected,0,59,PASS,Current URL resolves and is backed by sitemap or local canonical identity.,HTTP 200; final=https://regalospremium.cl/regalos-promocionales-tecnologicos/; chain=none | candidate_in_sitemap=yes | final_in_sitemap=yes
https://regalospremium.cl/regalos-publicitarios-de-verano/frisbee-plastico.html,reports/ads/ads_url_http_20260917.csv:INCONCLUSIVE_SERVER_LOOP,200,https://regalospremium.cl/regalos-publicitarios-de-verano/frisbee-plastico.html,none,yes,,https://regalospremium.cl/regalos-publicitarios-de-verano/frisbee-plastico.html,GET verified: active=1; reference=S1,582,S1,not inspected,not inspected,not inspected,0,0,PASS,Current URL resolves and is backed by sitemap or local canonical identity.,HTTP 200; final=https://regalospremium.cl/regalos-publicitarios-de-verano/frisbee-plastico.html; chain=none | candidate_in_sitemap=yes | final_in_sitemap=yes | local_product=582/S1 | prestashop=GET verified: active=1; reference=S1
https://regalospremium.cl/regalos-publicitarios-para-automovil/parasol-para-vehiculo.html,reports/ads/ads_url_http_20260917.csv:INCONCLUSIVE_SERVER_LOOP,200,https://regalospremium.cl/regalos-publicitarios-para-automovil/parasol-para-vehiculo.html,none,yes,,https://regalospremium.cl/regalos-publicitarios-para-automovil/parasol-para-vehiculo.html,GET verified: active=1; reference=S20,479,S20,not inspected,not inspected,not inspected,0,0,PASS,Current URL resolves and is backed by sitemap or local canonical identity.,HTTP 200; final=https://regalospremium.cl/regalos-publicitarios-para-automovil/parasol-para-vehiculo.html; chain=none | candidate_in_sitemap=yes | final_in_sitemap=yes | local_product=479/S20 | prestashop=GET verified: active=1; reference=S20
