issue,url,gsc_last_crawl,source_zip,http_status,redirect_chain,final_url,in_live_sitemap,redirect_rule,canonical_current,expected_canonical,noindex_current,prestashop_match,product_id,reference,active,indexed,url_inspection,search_analytics,classification,action,evidence,robots_class
Bloqueada por robots.txt,https://regalospremium.cl/boligrafos-cuerpo-plateado/?order=product.name.asc,2026-09-22,https___regalospremium.cl_-Coverage-Drilldown-2026-10-03(1).zip,NOT_FETCHED_CLASS_AUDIT,,,no,,,,,,,,,,NOT_QUERIED_CLASS_AUDIT,NOT_QUERIED_CLASS_AUDIT,PASS,conservar bloqueo deliberado,GSC master export; classification by URL pattern only (no per-URL live fetch outside 404 priority),DELIBERATE_PARAMETER_OR_UTILITY
Bloqueada por robots.txt,https://regalospremium.cl/boligrafos-cuerpo-plateado/?order=product.name.desc,2026-09-22,https___regalospremium.cl_-Coverage-Drilldown-2026-10-03(1).zip,NOT_FETCHED_CLASS_AUDIT,,,no,,,,,,,,,,NOT_QUERIED_CLASS_AUDIT,NOT_QUERIED_CLASS_AUDIT,PASS,conservar bloqueo deliberado,GSC master export; classification by URL pattern only (no per-URL live fetch outside 404 priority),DELIBERATE_PARAMETER_OR_UTILITY
Bloqueada por robots.txt,https://regalospremium.cl/publicitarios-ecofriendly/?order=product.name.asc,2026-09-13,https___regalospremium.cl_-Coverage-Drilldown-2026-10-03(1).zip,NOT_FETCHED_CLASS_AUDIT,,,no,,,,,,,,,,NOT_QUERIED_CLASS_AUDIT,NOT_QUERIED_CLASS_AUDIT,PASS,conservar bloqueo deliberado,GSC master export; classification by URL pattern only (no per-URL live fetch outside 404 priority),DELIBERATE_PARAMETER_OR_UTILITY
Bloqueada por robots.txt,https://regalospremium.cl/publicitarios-ecofriendly/?order=product.name.desc,2026-09-13,https___regalospremium.cl_-Coverage-Drilldown-2026-10-03(1).zip,NOT_FETCHED_CLASS_AUDIT,,,no,,,,,,,,,,NOT_QUERIED_CLASS_AUDIT,NOT_QUERIED_CLASS_AUDIT,PASS,conservar bloqueo deliberado,GSC master export; classification by URL pattern only (no per-URL live fetch outside 404 priority),DELIBERATE_PARAMETER_OR_UTILITY
Bloqueada por robots.txt,https://regalospremium.cl/hogar-gourmet-sommelier/?order=product.name.desc,2026-09-12,https___regalospremium.cl_-Coverage-Drilldown-2026-10-03(1).zip,NOT_FETCHED_CLASS_AUDIT,,,no,,,,,,,,,,NOT_QUERIED_CLASS_AUDIT,NOT_QUERIED_CLASS_AUDIT,PASS,conservar bloqueo deliberado,GSC master export; classification by URL pattern only (no per-URL live fetch outside 404 priority),DELIBERATE_PARAMETER_OR_UTILITY
Bloqueada por robots.txt,https://regalospremium.cl/publicitarios-para-tiempo-libre/?order=product.position.asc&page=8,2026-09-12,https___regalospremium.cl_-Coverage-Drilldown-2026-10-03(1).zip,NOT_FETCHED_CLASS_AUDIT,,,no,,,,,,,,,,NOT_QUERIED_CLASS_AUDIT,NOT_QUERIED_CLASS_AUDIT,PASS,conservar bloqueo deliberado,GSC master export; classification by URL pattern only (no per-URL live fetch outside 404 priority),DELIBERATE_PARAMETER_OR_UTILITY
Bloqueada por robots.txt,https://regalospremium.cl/boligrafos-y-lapices-publicitarios/?order=product.name.desc&page=2,2026-09-11,https___regalospremium.cl_-Coverage-Drilldown-2026-10-03(1).zip,NOT_FETCHED_CLASS_AUDIT,,,no,,,,,,,,,,NOT_QUERIED_CLASS_AUDIT,NOT_QUERIED_CLASS_AUDIT,PASS,conservar bloqueo deliberado,GSC master export; classification by URL pattern only (no per-URL live fetch outside 404 priority),DELIBERATE_PARAMETER_OR_UTILITY
Bloqueada por robots.txt,https://regalospremium.cl/cuadernos-libretas-memo-set-publicitarios/?order=product.position.asc&page=3,2026-09-11,https___regalospremium.cl_-Coverage-Drilldown-2026-10-03(1).zip,NOT_FETCHED_CLASS_AUDIT,,,no,,,,,,,,,,NOT_QUERIED_CLASS_AUDIT,NOT_QUERIED_CLASS_AUDIT,PASS,conservar bloqueo deliberado,GSC master export; classification by URL pattern only (no per-URL live fetch outside 404 priority),DELIBERATE_PARAMETER_OR_UTILITY
Bloqueada por robots.txt,https://regalospremium.cl/regalos-para-hogar-belleza-y-salud/?order=product.name.desc,2026-09-08,https___regalospremium.cl_-Coverage-Drilldown-2026-10-03(1).zip,NOT_FETCHED_CLASS_AUDIT,,,no,,,,,,,,,,NOT_QUERIED_CLASS_AUDIT,NOT_QUERIED_CLASS_AUDIT,PASS,conservar bloqueo deliberado,GSC master export; classification by URL pattern only (no per-URL live fetch outside 404 priority),DELIBERATE_PARAMETER_OR_UTILITY
Bloqueada por robots.txt,https://regalospremium.cl/bolsas-publicitarias-con-logotipo/?order=product.name.asc&page=2,2026-09-05,https___regalospremium.cl_-Coverage-Drilldown-2026-10-03(1).zip,NOT_FETCHED_CLASS_AUDIT,,,no,,,,,,,,,,NOT_QUERIED_CLASS_AUDIT,NOT_QUERIED_CLASS_AUDIT,PASS,conservar bloqueo deliberado,GSC master export; classification by URL pattern only (no per-URL live fetch outside 404 priority),DELIBERATE_PARAMETER_OR_UTILITY
Bloqueada por robots.txt,https://regalospremium.cl/pendrive-publicitario/?order=product.name.asc,2026-09-03,https___regalospremium.cl_-Coverage-Drilldown-2026-10-03(1).zip,NOT_FETCHED_CLASS_AUDIT,,,no,,,,,,,,,,NOT_QUERIED_CLASS_AUDIT,NOT_QUERIED_CLASS_AUDIT,PASS,conservar bloqueo deliberado,GSC master export; classification by URL pattern only (no per-URL live fetch outside 404 priority),DELIBERATE_PARAMETER_OR_UTILITY
Bloqueada por robots.txt,https://regalospremium.cl/boligrafos-funcionales-y-destacadores/?order=product.name.asc,2026-08-31,https___regalospremium.cl_-Coverage-Drilldown-2026-10-03(1).zip,NOT_FETCHED_CLASS_AUDIT,,,no,,,,,,,,,,NOT_QUERIED_CLASS_AUDIT,NOT_QUERIED_CLASS_AUDIT,PASS,conservar bloqueo deliberado,GSC master export; classification by URL pattern only (no per-URL live fetch outside 404 priority),DELIBERATE_PARAMETER_OR_UTILITY
Bloqueada por robots.txt,https://regalospremium.cl/boligrafos-funcionales-y-destacadores/?order=product.position.asc,2026-08-31,https___regalospremium.cl_-Coverage-Drilldown-2026-10-03(1).zip,NOT_FETCHED_CLASS_AUDIT,,,no,,,,,,,,,,NOT_QUERIED_CLASS_AUDIT,NOT_QUERIED_CLASS_AUDIT,PASS,conservar bloqueo deliberado,GSC master export; classification by URL pattern only (no per-URL live fetch outside 404 priority),DELIBERATE_PARAMETER_OR_UTILITY
Bloqueada por robots.txt,https://regalospremium.cl/publicitarios-para-computacion/?order=product.name.desc,2026-08-29,https___regalospremium.cl_-Coverage-Drilldown-2026-10-03(1).zip,NOT_FETCHED_CLASS_AUDIT,,,no,,,,,,,,,,NOT_QUERIED_CLASS_AUDIT,NOT_QUERIED_CLASS_AUDIT,PASS,conservar bloqueo deliberado,GSC master export; classification by URL pattern only (no per-URL live fetch outside 404 priority),DELIBERATE_PARAMETER_OR_UTILITY
Bloqueada por robots.txt,https://regalospremium.cl/publicitarios-para-computacion/?order=product.name.asc,2026-08-28,https___regalospremium.cl_-Coverage-Drilldown-2026-10-03(1).zip,NOT_FETCHED_CLASS_AUDIT,,,no,,,,,,,,,,NOT_QUERIED_CLASS_AUDIT,NOT_QUERIED_CLASS_AUDIT,PASS,conservar bloqueo deliberado,GSC master export; classification by URL pattern only (no per-URL live fetch outside 404 priority),DELIBERATE_PARAMETER_OR_UTILITY
Bloqueada por robots.txt,https://regalospremium.cl/publicitarios-para-computacion/?order=product.position.asc,2026-08-28,https___regalospremium.cl_-Coverage-Drilldown-2026-10-03(1).zip,NOT_FETCHED_CLASS_AUDIT,,,no,,,,,,,,,,NOT_QUERIED_CLASS_AUDIT,NOT_QUERIED_CLASS_AUDIT,PASS,conservar bloqueo deliberado,GSC master export; classification by URL pattern only (no per-URL live fetch outside 404 priority),DELIBERATE_PARAMETER_OR_UTILITY
Bloqueada por robots.txt,https://regalospremium.cl/relojes-y-calculadoras-publicitarios/?order=product.name.asc,2026-08-27,https___regalospremium.cl_-Coverage-Drilldown-2026-10-03(1).zip,NOT_FETCHED_CLASS_AUDIT,,,no,,,,,,,,,,NOT_QUERIED_CLASS_AUDIT,NOT_QUERIED_CLASS_AUDIT,PASS,conservar bloqueo deliberado,GSC master export; classification by URL pattern only (no per-URL live fetch outside 404 priority),DELIBERATE_PARAMETER_OR_UTILITY
Bloqueada por robots.txt,https://regalospremium.cl/relojes-y-calculadoras-publicitarios/?order=product.name.desc,2026-08-26,https___regalospremium.cl_-Coverage-Drilldown-2026-10-03(1).zip,NOT_FETCHED_CLASS_AUDIT,,,no,,,,,,,,,,NOT_QUERIED_CLASS_AUDIT,NOT_QUERIED_CLASS_AUDIT,PASS,conservar bloqueo deliberado,GSC master export; classification by URL pattern only (no per-URL live fetch outside 404 priority),DELIBERATE_PARAMETER_OR_UTILITY
Bloqueada por robots.txt,https://regalospremium.cl/accesorios-usb-promocional/?order=product.name.desc,2026-08-24,https___regalospremium.cl_-Coverage-Drilldown-2026-10-03(1).zip,NOT_FETCHED_CLASS_AUDIT,,,no,,,,,,,,,,NOT_QUERIED_CLASS_AUDIT,NOT_QUERIED_CLASS_AUDIT,PASS,conservar bloqueo deliberado,GSC master export; classification by URL pattern only (no per-URL live fetch outside 404 priority),DELIBERATE_PARAMETER_OR_UTILITY
Bloqueada por robots.txt,https://regalospremium.cl/comprar-gorros-y-jockeys-publicitarios/?order=product.position.asc,2026-08-24,https___regalospremium.cl_-Coverage-Drilldown-2026-10-03(1).zip,NOT_FETCHED_CLASS_AUDIT,,,no,,,,,,,,,,NOT_QUERIED_CLASS_AUDIT,NOT_QUERIED_CLASS_AUDIT,PASS,conservar bloqueo deliberado,GSC master export; classification by URL pattern only (no per-URL live fetch outside 404 priority),DELIBERATE_PARAMETER_OR_UTILITY
Bloqueada por robots.txt,https://regalospremium.cl/iniciar-sesion,2026-08-24,https___regalospremium.cl_-Coverage-Drilldown-2026-10-03(1).zip,NOT_FETCHED_CLASS_AUDIT,,,no,,,,,,,,,,NOT_QUERIED_CLASS_AUDIT,NOT_QUERIED_CLASS_AUDIT,PASS,conservar bloqueo deliberado,GSC master export; classification by URL pattern only (no per-URL live fetch outside 404 priority),DELIBERATE_PARAMETER_OR_UTILITY
Bloqueada por robots.txt,https://regalospremium.cl/regalos-para-hogar-belleza-y-salud/?order=product.position.asc&page=4,2026-08-23,https___regalospremium.cl_-Coverage-Drilldown-2026-10-03(1).zip,NOT_FETCHED_CLASS_AUDIT,,,no,,,,,,,,,,NOT_QUERIED_CLASS_AUDIT,NOT_QUERIED_CLASS_AUDIT,PASS,conservar bloqueo deliberado,GSC master export; classification by URL pattern only (no per-URL live fetch outside 404 priority),DELIBERATE_PARAMETER_OR_UTILITY
Bloqueada por robots.txt,https://regalospremium.cl/regalos-publicitarios-para-viajes-y-vacaciones/?order=product.name.asc,2026-08-23,https___regalospremium.cl_-Coverage-Drilldown-2026-10-03(1).zip,NOT_FETCHED_CLASS_AUDIT,,,no,,,,,,,,,,NOT_QUERIED_CLASS_AUDIT,NOT_QUERIED_CLASS_AUDIT,PASS,conservar bloqueo deliberado,GSC master export; classification by URL pattern only (no per-URL live fetch outside 404 priority),DELIBERATE_PARAMETER_OR_UTILITY
Bloqueada por robots.txt,https://regalospremium.cl/carpetas-y-portafolios-publicitarios/?order=product.name.asc,2026-08-22,https___regalospremium.cl_-Coverage-Drilldown-2026-10-03(1).zip,NOT_FETCHED_CLASS_AUDIT,,,no,,,,,,,,,,NOT_QUERIED_CLASS_AUDIT,NOT_QUERIED_CLASS_AUDIT,PASS,conservar bloqueo deliberado,GSC master export; classification by URL pattern only (no per-URL live fetch outside 404 priority),DELIBERATE_PARAMETER_OR_UTILITY
Bloqueada por robots.txt,https://regalospremium.cl/punteros-laser-y-datashow/?order=product.position.asc,2026-08-22,https___regalospremium.cl_-Coverage-Drilldown-2026-10-03(1).zip,NOT_FETCHED_CLASS_AUDIT,,,no,,,,,,,,,,NOT_QUERIED_CLASS_AUDIT,NOT_QUERIED_CLASS_AUDIT,PASS,conservar bloqueo deliberado,GSC master export; classification by URL pattern only (no per-URL live fetch outside 404 priority),DELIBERATE_PARAMETER_OR_UTILITY
Bloqueada por robots.txt,https://regalospremium.cl/publicitarios-electronicos/?order=product.name.asc,2026-08-22,https___regalospremium.cl_-Coverage-Drilldown-2026-10-03(1).zip,NOT_FETCHED_CLASS_AUDIT,,,no,,,,,,,,,,NOT_QUERIED_CLASS_AUDIT,NOT_QUERIED_CLASS_AUDIT,PASS,conservar bloqueo deliberado,GSC master export; classification by URL pattern only (no per-URL live fetch outside 404 priority),DELIBERATE_PARAMETER_OR_UTILITY
Bloqueada por robots.txt,https://regalospremium.cl/audio-publicitario/?order=product.name.asc,2026-08-21,https___regalospremium.cl_-Coverage-Drilldown-2026-10-03(1).zip,NOT_FETCHED_CLASS_AUDIT,,,no,,,,,,,,,,NOT_QUERIED_CLASS_AUDIT,NOT_QUERIED_CLASS_AUDIT,PASS,conservar bloqueo deliberado,GSC master export; classification by URL pattern only (no per-URL live fetch outside 404 priority),DELIBERATE_PARAMETER_OR_UTILITY
Bloqueada por robots.txt,https://regalospremium.cl/audio-publicitario/?order=product.position.asc,2026-08-21,https___regalospremium.cl_-Coverage-Drilldown-2026-10-03(1).zip,NOT_FETCHED_CLASS_AUDIT,,,no,,,,,,,,,,NOT_QUERIED_CLASS_AUDIT,NOT_QUERIED_CLASS_AUDIT,PASS,conservar bloqueo deliberado,GSC master export; classification by URL pattern only (no per-URL live fetch outside 404 priority),DELIBERATE_PARAMETER_OR_UTILITY
Bloqueada por robots.txt,https://regalospremium.cl/mujer-playa/?order=product.name.asc,2026-08-21,https___regalospremium.cl_-Coverage-Drilldown-2026-10-03(1).zip,NOT_FETCHED_CLASS_AUDIT,,,no,,,,,,,,,,NOT_QUERIED_CLASS_AUDIT,NOT_QUERIED_CLASS_AUDIT,PASS,conservar bloqueo deliberado,GSC master export; classification by URL pattern only (no per-URL live fetch outside 404 priority),DELIBERATE_PARAMETER_OR_UTILITY
Bloqueada por robots.txt,https://regalospremium.cl/mujer-playa/?order=product.position.asc,2026-08-21,https___regalospremium.cl_-Coverage-Drilldown-2026-10-03(1).zip,NOT_FETCHED_CLASS_AUDIT,,,no,,,,,,,,,,NOT_QUERIED_CLASS_AUDIT,NOT_QUERIED_CLASS_AUDIT,PASS,conservar bloqueo deliberado,GSC master export; classification by URL pattern only (no per-URL live fetch outside 404 priority),DELIBERATE_PARAMETER_OR_UTILITY
Bloqueada por robots.txt,https://regalospremium.cl/linea-ecologica-green/?order=product.position.asc,2026-08-20,https___regalospremium.cl_-Coverage-Drilldown-2026-10-03(1).zip,NOT_FETCHED_CLASS_AUDIT,,,no,,,,,,,,,,NOT_QUERIED_CLASS_AUDIT,NOT_QUERIED_CLASS_AUDIT,PASS,conservar bloqueo deliberado,GSC master export; classification by URL pattern only (no per-URL live fetch outside 404 priority),DELIBERATE_PARAMETER_OR_UTILITY
Bloqueada por robots.txt,https://regalospremium.cl/bolsas-de-algodon-publicitarias/?order=product.name.asc,2026-08-20,https___regalospremium.cl_-Coverage-Drilldown-2026-10-03(1).zip,NOT_FETCHED_CLASS_AUDIT,,,no,,,,,,,,,,NOT_QUERIED_CLASS_AUDIT,NOT_QUERIED_CLASS_AUDIT,PASS,conservar bloqueo deliberado,GSC master export; classification by URL pattern only (no per-URL live fetch outside 404 priority),DELIBERATE_PARAMETER_OR_UTILITY
Bloqueada por robots.txt,https://regalospremium.cl/bolsas-de-algodon-publicitarias/?order=product.position.asc,2026-08-20,https___regalospremium.cl_-Coverage-Drilldown-2026-10-03(1).zip,NOT_FETCHED_CLASS_AUDIT,,,no,,,,,,,,,,NOT_QUERIED_CLASS_AUDIT,NOT_QUERIED_CLASS_AUDIT,PASS,conservar bloqueo deliberado,GSC master export; classification by URL pattern only (no per-URL live fetch outside 404 priority),DELIBERATE_PARAMETER_OR_UTILITY
Bloqueada por robots.txt,https://regalospremium.cl/poleras-y-shorts-publicitarios/?order=product.position.asc,2026-08-20,https___regalospremium.cl_-Coverage-Drilldown-2026-10-03(1).zip,NOT_FETCHED_CLASS_AUDIT,,,no,,,,,,,,,,NOT_QUERIED_CLASS_AUDIT,NOT_QUERIED_CLASS_AUDIT,PASS,conservar bloqueo deliberado,GSC master export; classification by URL pattern only (no per-URL live fetch outside 404 priority),DELIBERATE_PARAMETER_OR_UTILITY
Bloqueada por robots.txt,https://regalospremium.cl/boligrafos-metalicos-y-ejecutivos-publicitarios/?order=product.name.desc,2026-08-20,https___regalospremium.cl_-Coverage-Drilldown-2026-10-03(1).zip,NOT_FETCHED_CLASS_AUDIT,,,no,,,,,,,,,,NOT_QUERIED_CLASS_AUDIT,NOT_QUERIED_CLASS_AUDIT,PASS,conservar bloqueo deliberado,GSC master export; classification by URL pattern only (no per-URL live fetch outside 404 priority),DELIBERATE_PARAMETER_OR_UTILITY
Bloqueada por robots.txt,https://regalospremium.cl/boligrafos-metalicos-y-ejecutivos-publicitarios/?order=product.name.asc,2026-08-20,https___regalospremium.cl_-Coverage-Drilldown-2026-10-03(1).zip,NOT_FETCHED_CLASS_AUDIT,,,no,,,,,,,,,,NOT_QUERIED_CLASS_AUDIT,NOT_QUERIED_CLASS_AUDIT,PASS,conservar bloqueo deliberado,GSC master export; classification by URL pattern only (no per-URL live fetch outside 404 priority),DELIBERATE_PARAMETER_OR_UTILITY
Bloqueada por robots.txt,https://regalospremium.cl/boligrafos-funcionales-y-destacadores-publicitarios/?order=product.name.desc,2026-08-19,https___regalospremium.cl_-Coverage-Drilldown-2026-10-03(1).zip,NOT_FETCHED_CLASS_AUDIT,,,no,,,,,,,,,,NOT_QUERIED_CLASS_AUDIT,NOT_QUERIED_CLASS_AUDIT,PASS,conservar bloqueo deliberado,GSC master export; classification by URL pattern only (no per-URL live fetch outside 404 priority),DELIBERATE_PARAMETER_OR_UTILITY
Bloqueada por robots.txt,https://regalospremium.cl/hogar-gourmet-sommelier/?order=product.position.asc,2026-08-19,https___regalospremium.cl_-Coverage-Drilldown-2026-10-03(1).zip,NOT_FETCHED_CLASS_AUDIT,,,no,,,,,,,,,,NOT_QUERIED_CLASS_AUDIT,NOT_QUERIED_CLASS_AUDIT,PASS,conservar bloqueo deliberado,GSC master export; classification by URL pattern only (no per-URL live fetch outside 404 priority),DELIBERATE_PARAMETER_OR_UTILITY
Bloqueada por robots.txt,https://regalospremium.cl/boligrafos-funcionales-y-destacadores-publicitarios/?order=product.position.asc,2026-08-19,https___regalospremium.cl_-Coverage-Drilldown-2026-10-03(1).zip,NOT_FETCHED_CLASS_AUDIT,,,no,,,,,,,,,,NOT_QUERIED_CLASS_AUDIT,NOT_QUERIED_CLASS_AUDIT,PASS,conservar bloqueo deliberado,GSC master export; classification by URL pattern only (no per-URL live fetch outside 404 priority),DELIBERATE_PARAMETER_OR_UTILITY
Bloqueada por robots.txt,https://regalospremium.cl/boligrafos-funcionales-y-destacadores-publicitarios/?order=product.name.asc,2026-08-19,https___regalospremium.cl_-Coverage-Drilldown-2026-10-03(1).zip,NOT_FETCHED_CLASS_AUDIT,,,no,,,,,,,,,,NOT_QUERIED_CLASS_AUDIT,NOT_QUERIED_CLASS_AUDIT,PASS,conservar bloqueo deliberado,GSC master export; classification by URL pattern only (no per-URL live fetch outside 404 priority),DELIBERATE_PARAMETER_OR_UTILITY
Bloqueada por robots.txt,https://regalospremium.cl/boligrafos-y-lapices-publicitarios/?order=product.name.asc&page=3,2026-08-18,https___regalospremium.cl_-Coverage-Drilldown-2026-10-03(1).zip,NOT_FETCHED_CLASS_AUDIT,,,no,,,,,,,,,,NOT_QUERIED_CLASS_AUDIT,NOT_QUERIED_CLASS_AUDIT,PASS,conservar bloqueo deliberado,GSC master export; classification by URL pattern only (no per-URL live fetch outside 404 priority),DELIBERATE_PARAMETER_OR_UTILITY
Bloqueada por robots.txt,https://regalospremium.cl/punteros-laser-y-datashow/?order=product.name.desc,2026-08-18,https___regalospremium.cl_-Coverage-Drilldown-2026-10-03(1).zip,NOT_FETCHED_CLASS_AUDIT,,,no,,,,,,,,,,NOT_QUERIED_CLASS_AUDIT,NOT_QUERIED_CLASS_AUDIT,PASS,conservar bloqueo deliberado,GSC master export; classification by URL pattern only (no per-URL live fetch outside 404 priority),DELIBERATE_PARAMETER_OR_UTILITY
Bloqueada por robots.txt,https://regalospremium.cl/regalos-promocionales-tecnologicos/?order=product.position.asc&page=2,2026-08-18,https___regalospremium.cl_-Coverage-Drilldown-2026-10-03(1).zip,NOT_FETCHED_CLASS_AUDIT,,,no,,,,,,,,,,NOT_QUERIED_CLASS_AUDIT,NOT_QUERIED_CLASS_AUDIT,PASS,conservar bloqueo deliberado,GSC master export; classification by URL pattern only (no per-URL live fetch outside 404 priority),DELIBERATE_PARAMETER_OR_UTILITY
Bloqueada por robots.txt,https://regalospremium.cl/regalos-publicitarios-ocio-y-pasatiempo/?order=product.name.asc,2026-08-18,https___regalospremium.cl_-Coverage-Drilldown-2026-10-03(1).zip,NOT_FETCHED_CLASS_AUDIT,,,no,,,,,,,,,,NOT_QUERIED_CLASS_AUDIT,NOT_QUERIED_CLASS_AUDIT,PASS,conservar bloqueo deliberado,GSC master export; classification by URL pattern only (no per-URL live fetch outside 404 priority),DELIBERATE_PARAMETER_OR_UTILITY
Bloqueada por robots.txt,https://regalospremium.cl/pendrive-publicitario/?order=product.position.asc,2026-08-18,https___regalospremium.cl_-Coverage-Drilldown-2026-10-03(1).zip,NOT_FETCHED_CLASS_AUDIT,,,no,,,,,,,,,,NOT_QUERIED_CLASS_AUDIT,NOT_QUERIED_CLASS_AUDIT,PASS,conservar bloqueo deliberado,GSC master export; classification by URL pattern only (no per-URL live fetch outside 404 priority),DELIBERATE_PARAMETER_OR_UTILITY
Bloqueada por robots.txt,https://regalospremium.cl/regalos-publicitarios-para-deportes/?order=product.name.desc,2026-08-18,https___regalospremium.cl_-Coverage-Drilldown-2026-10-03(1).zip,NOT_FETCHED_CLASS_AUDIT,,,no,,,,,,,,,,NOT_QUERIED_CLASS_AUDIT,NOT_QUERIED_CLASS_AUDIT,PASS,conservar bloqueo deliberado,GSC master export; classification by URL pattern only (no per-URL live fetch outside 404 priority),DELIBERATE_PARAMETER_OR_UTILITY
Bloqueada por robots.txt,https://regalospremium.cl/coolers-publicitarios/?order=product.name.desc,2026-08-18,https___regalospremium.cl_-Coverage-Drilldown-2026-10-03(1).zip,NOT_FETCHED_CLASS_AUDIT,,,no,,,,,,,,,,NOT_QUERIED_CLASS_AUDIT,NOT_QUERIED_CLASS_AUDIT,PASS,conservar bloqueo deliberado,GSC master export; classification by URL pattern only (no per-URL live fetch outside 404 priority),DELIBERATE_PARAMETER_OR_UTILITY
Bloqueada por robots.txt,https://regalospremium.cl/bolsas-de-fieltro-publicitarias/?order=product.name.asc,2026-08-18,https___regalospremium.cl_-Coverage-Drilldown-2026-10-03(1).zip,NOT_FETCHED_CLASS_AUDIT,,,no,,,,,,,,,,NOT_QUERIED_CLASS_AUDIT,NOT_QUERIED_CLASS_AUDIT,PASS,conservar bloqueo deliberado,GSC master export; classification by URL pattern only (no per-URL live fetch outside 404 priority),DELIBERATE_PARAMETER_OR_UTILITY
Bloqueada por robots.txt,https://regalospremium.cl/poleras-y-shorts-publicitarios/?order=product.name.asc,2026-08-18,https___regalospremium.cl_-Coverage-Drilldown-2026-10-03(1).zip,NOT_FETCHED_CLASS_AUDIT,,,no,,,,,,,,,,NOT_QUERIED_CLASS_AUDIT,NOT_QUERIED_CLASS_AUDIT,PASS,conservar bloqueo deliberado,GSC master export; classification by URL pattern only (no per-URL live fetch outside 404 priority),DELIBERATE_PARAMETER_OR_UTILITY
Bloqueada por robots.txt,https://regalospremium.cl/regalos-para-hogar-belleza-y-salud/?order=product.name.asc,2026-08-18,https___regalospremium.cl_-Coverage-Drilldown-2026-10-03(1).zip,NOT_FETCHED_CLASS_AUDIT,,,no,,,,,,,,,,NOT_QUERIED_CLASS_AUDIT,NOT_QUERIED_CLASS_AUDIT,PASS,conservar bloqueo deliberado,GSC master export; classification by URL pattern only (no per-URL live fetch outside 404 priority),DELIBERATE_PARAMETER_OR_UTILITY
Bloqueada por robots.txt,https://regalospremium.cl/boligrafos-cuerpo-blanco-publicitarios/?order=product.name.asc,2026-08-18,https___regalospremium.cl_-Coverage-Drilldown-2026-10-03(1).zip,NOT_FETCHED_CLASS_AUDIT,,,no,,,,,,,,,,NOT_QUERIED_CLASS_AUDIT,NOT_QUERIED_CLASS_AUDIT,PASS,conservar bloqueo deliberado,GSC master export; classification by URL pattern only (no per-URL live fetch outside 404 priority),DELIBERATE_PARAMETER_OR_UTILITY
Bloqueada por robots.txt,https://regalospremium.cl/boligrafos-cuerpo-blanco-publicitarios/?order=product.position.asc,2026-08-18,https___regalospremium.cl_-Coverage-Drilldown-2026-10-03(1).zip,NOT_FETCHED_CLASS_AUDIT,,,no,,,,,,,,,,NOT_QUERIED_CLASS_AUDIT,NOT_QUERIED_CLASS_AUDIT,PASS,conservar bloqueo deliberado,GSC master export; classification by URL pattern only (no per-URL live fetch outside 404 priority),DELIBERATE_PARAMETER_OR_UTILITY
Bloqueada por robots.txt,https://regalospremium.cl/boligrafos-cuerpo-blanco-publicitarios/?order=product.name.desc,2026-08-18,https___regalospremium.cl_-Coverage-Drilldown-2026-10-03(1).zip,NOT_FETCHED_CLASS_AUDIT,,,no,,,,,,,,,,NOT_QUERIED_CLASS_AUDIT,NOT_QUERIED_CLASS_AUDIT,PASS,conservar bloqueo deliberado,GSC master export; classification by URL pattern only (no per-URL live fetch outside 404 priority),DELIBERATE_PARAMETER_OR_UTILITY
Bloqueada por robots.txt,https://regalospremium.cl/power-bank-y-accesorios/?order=product.name.desc,2026-08-18,https___regalospremium.cl_-Coverage-Drilldown-2026-10-03(1).zip,NOT_FETCHED_CLASS_AUDIT,,,no,,,,,,,,,,NOT_QUERIED_CLASS_AUDIT,NOT_QUERIED_CLASS_AUDIT,PASS,conservar bloqueo deliberado,GSC master export; classification by URL pattern only (no per-URL live fetch outside 404 priority),DELIBERATE_PARAMETER_OR_UTILITY
Bloqueada por robots.txt,https://regalospremium.cl/linea-cobre-mineria/?order=product.name.asc,2026-08-18,https___regalospremium.cl_-Coverage-Drilldown-2026-10-03(1).zip,NOT_FETCHED_CLASS_AUDIT,,,no,,,,,,,,,,NOT_QUERIED_CLASS_AUDIT,NOT_QUERIED_CLASS_AUDIT,PASS,conservar bloqueo deliberado,GSC master export; classification by URL pattern only (no per-URL live fetch outside 404 priority),DELIBERATE_PARAMETER_OR_UTILITY
Bloqueada por robots.txt,https://regalospremium.cl/linea-cobre-mineria/?order=product.position.asc,2026-08-18,https___regalospremium.cl_-Coverage-Drilldown-2026-10-03(1).zip,NOT_FETCHED_CLASS_AUDIT,,,no,,,,,,,,,,NOT_QUERIED_CLASS_AUDIT,NOT_QUERIED_CLASS_AUDIT,PASS,conservar bloqueo deliberado,GSC master export; classification by URL pattern only (no per-URL live fetch outside 404 priority),DELIBERATE_PARAMETER_OR_UTILITY
Bloqueada por robots.txt,https://regalospremium.cl/linea-cobre-mineria/?order=product.name.desc,2026-08-18,https___regalospremium.cl_-Coverage-Drilldown-2026-10-03(1).zip,NOT_FETCHED_CLASS_AUDIT,,,no,,,,,,,,,,NOT_QUERIED_CLASS_AUDIT,NOT_QUERIED_CLASS_AUDIT,PASS,conservar bloqueo deliberado,GSC master export; classification by URL pattern only (no per-URL live fetch outside 404 priority),DELIBERATE_PARAMETER_OR_UTILITY
Bloqueada por robots.txt,https://regalospremium.cl/comprar-gorros-y-jockeys-publicitarios/?order=product.name.desc,2026-08-18,https___regalospremium.cl_-Coverage-Drilldown-2026-10-03(1).zip,NOT_FETCHED_CLASS_AUDIT,,,no,,,,,,,,,,NOT_QUERIED_CLASS_AUDIT,NOT_QUERIED_CLASS_AUDIT,PASS,conservar bloqueo deliberado,GSC master export; classification by URL pattern only (no per-URL live fetch outside 404 priority),DELIBERATE_PARAMETER_OR_UTILITY
Bloqueada por robots.txt,https://regalospremium.cl/hogar-gourmet-sommelier/?order=product.name.asc,2026-08-18,https___regalospremium.cl_-Coverage-Drilldown-2026-10-03(1).zip,NOT_FETCHED_CLASS_AUDIT,,,no,,,,,,,,,,NOT_QUERIED_CLASS_AUDIT,NOT_QUERIED_CLASS_AUDIT,PASS,conservar bloqueo deliberado,GSC master export; classification by URL pattern only (no per-URL live fetch outside 404 priority),DELIBERATE_PARAMETER_OR_UTILITY
Bloqueada por robots.txt,https://regalospremium.cl/the-green-life/?order=product.name.asc,2026-08-17,https___regalospremium.cl_-Coverage-Drilldown-2026-10-03(1).zip,NOT_FETCHED_CLASS_AUDIT,,,no,,,,,,,,,,NOT_QUERIED_CLASS_AUDIT,NOT_QUERIED_CLASS_AUDIT,PASS,conservar bloqueo deliberado,GSC master export; classification by URL pattern only (no per-URL live fetch outside 404 priority),DELIBERATE_PARAMETER_OR_UTILITY
Bloqueada por robots.txt,https://regalospremium.cl/poleras-y-shorts-publicitarios/?order=product.name.desc,2026-08-17,https___regalospremium.cl_-Coverage-Drilldown-2026-10-03(1).zip,NOT_FETCHED_CLASS_AUDIT,,,no,,,,,,,,,,NOT_QUERIED_CLASS_AUDIT,NOT_QUERIED_CLASS_AUDIT,PASS,conservar bloqueo deliberado,GSC master export; classification by URL pattern only (no per-URL live fetch outside 404 priority),DELIBERATE_PARAMETER_OR_UTILITY
Bloqueada por robots.txt,https://regalospremium.cl/publicitarios-belleza-y-salud/?order=product.name.desc,2026-08-17,https___regalospremium.cl_-Coverage-Drilldown-2026-10-03(1).zip,NOT_FETCHED_CLASS_AUDIT,,,no,,,,,,,,,,NOT_QUERIED_CLASS_AUDIT,NOT_QUERIED_CLASS_AUDIT,PASS,conservar bloqueo deliberado,GSC master export; classification by URL pattern only (no per-URL live fetch outside 404 priority),DELIBERATE_PARAMETER_OR_UTILITY
Bloqueada por robots.txt,https://regalospremium.cl/the-green-life/?order=product.name.desc,2026-08-17,https___regalospremium.cl_-Coverage-Drilldown-2026-10-03(1).zip,NOT_FETCHED_CLASS_AUDIT,,,no,,,,,,,,,,NOT_QUERIED_CLASS_AUDIT,NOT_QUERIED_CLASS_AUDIT,PASS,conservar bloqueo deliberado,GSC master export; classification by URL pattern only (no per-URL live fetch outside 404 priority),DELIBERATE_PARAMETER_OR_UTILITY
Bloqueada por robots.txt,https://regalospremium.cl/the-green-life/?order=product.position.asc,2026-08-17,https___regalospremium.cl_-Coverage-Drilldown-2026-10-03(1).zip,NOT_FETCHED_CLASS_AUDIT,,,no,,,,,,,,,,NOT_QUERIED_CLASS_AUDIT,NOT_QUERIED_CLASS_AUDIT,PASS,conservar bloqueo deliberado,GSC master export; classification by URL pattern only (no per-URL live fetch outside 404 priority),DELIBERATE_PARAMETER_OR_UTILITY
Bloqueada por robots.txt,https://regalospremium.cl/carpetas-y-portafolios-publicitarios/?order=product.position.asc,2026-08-17,https___regalospremium.cl_-Coverage-Drilldown-2026-10-03(1).zip,NOT_FETCHED_CLASS_AUDIT,,,no,,,,,,,,,,NOT_QUERIED_CLASS_AUDIT,NOT_QUERIED_CLASS_AUDIT,PASS,conservar bloqueo deliberado,GSC master export; classification by URL pattern only (no per-URL live fetch outside 404 priority),DELIBERATE_PARAMETER_OR_UTILITY
Bloqueada por robots.txt,https://regalospremium.cl/pendrive-publicitario/?order=product.name.desc,2026-08-17,https___regalospremium.cl_-Coverage-Drilldown-2026-10-03(1).zip,NOT_FETCHED_CLASS_AUDIT,,,no,,,,,,,,,,NOT_QUERIED_CLASS_AUDIT,NOT_QUERIED_CLASS_AUDIT,PASS,conservar bloqueo deliberado,GSC master export; classification by URL pattern only (no per-URL live fetch outside 404 priority),DELIBERATE_PARAMETER_OR_UTILITY
Bloqueada por robots.txt,https://regalospremium.cl/carpetas-y-portafolios-publicitarios/?order=product.name.desc,2026-08-17,https___regalospremium.cl_-Coverage-Drilldown-2026-10-03(1).zip,NOT_FETCHED_CLASS_AUDIT,,,no,,,,,,,,,,NOT_QUERIED_CLASS_AUDIT,NOT_QUERIED_CLASS_AUDIT,PASS,conservar bloqueo deliberado,GSC master export; classification by URL pattern only (no per-URL live fetch outside 404 priority),DELIBERATE_PARAMETER_OR_UTILITY
Bloqueada por robots.txt,https://regalospremium.cl/cotizar-productos-para-sublimacion/?order=product.position.asc,2026-08-17,https___regalospremium.cl_-Coverage-Drilldown-2026-10-03(1).zip,NOT_FETCHED_CLASS_AUDIT,,,no,,,,,,,,,,NOT_QUERIED_CLASS_AUDIT,NOT_QUERIED_CLASS_AUDIT,PASS,conservar bloqueo deliberado,GSC master export; classification by URL pattern only (no per-URL live fetch outside 404 priority),DELIBERATE_PARAMETER_OR_UTILITY
Bloqueada por robots.txt,https://regalospremium.cl/regalo-publicitario-antistress/?order=product.position.asc,2026-08-17,https___regalospremium.cl_-Coverage-Drilldown-2026-10-03(1).zip,NOT_FETCHED_CLASS_AUDIT,,,no,,,,,,,,,,NOT_QUERIED_CLASS_AUDIT,NOT_QUERIED_CLASS_AUDIT,PASS,conservar bloqueo deliberado,GSC master export; classification by URL pattern only (no per-URL live fetch outside 404 priority),DELIBERATE_PARAMETER_OR_UTILITY
Bloqueada por robots.txt,https://regalospremium.cl/regalos-publicitarios-para-viajes-y-vacaciones/?order=product.name.desc,2026-08-16,https___regalospremium.cl_-Coverage-Drilldown-2026-10-03(1).zip,NOT_FETCHED_CLASS_AUDIT,,,no,,,,,,,,,,NOT_QUERIED_CLASS_AUDIT,NOT_QUERIED_CLASS_AUDIT,PASS,conservar bloqueo deliberado,GSC master export; classification by URL pattern only (no per-URL live fetch outside 404 priority),DELIBERATE_PARAMETER_OR_UTILITY
Bloqueada por robots.txt,https://regalospremium.cl/llaveros-metalicos/?order=product.position.asc,2026-08-16,https___regalospremium.cl_-Coverage-Drilldown-2026-10-03(1).zip,NOT_FETCHED_CLASS_AUDIT,,,no,,,,,,,,,,NOT_QUERIED_CLASS_AUDIT,NOT_QUERIED_CLASS_AUDIT,PASS,conservar bloqueo deliberado,GSC master export; classification by URL pattern only (no per-URL live fetch outside 404 priority),DELIBERATE_PARAMETER_OR_UTILITY
Bloqueada por robots.txt,https://regalospremium.cl/lapices-ecologicos/?order=product.name.desc,2026-08-15,https___regalospremium.cl_-Coverage-Drilldown-2026-10-03(1).zip,NOT_FETCHED_CLASS_AUDIT,,,no,,,,,,,,,,NOT_QUERIED_CLASS_AUDIT,NOT_QUERIED_CLASS_AUDIT,PASS,conservar bloqueo deliberado,GSC master export; classification by URL pattern only (no per-URL live fetch outside 404 priority),DELIBERATE_PARAMETER_OR_UTILITY
Bloqueada por robots.txt,https://regalospremium.cl/paraguas-y-capas-de-agua/?order=product.name.desc,2026-08-15,https___regalospremium.cl_-Coverage-Drilldown-2026-10-03(1).zip,NOT_FETCHED_CLASS_AUDIT,,,no,,,,,,,,,,NOT_QUERIED_CLASS_AUDIT,NOT_QUERIED_CLASS_AUDIT,PASS,conservar bloqueo deliberado,GSC master export; classification by URL pattern only (no per-URL live fetch outside 404 priority),DELIBERATE_PARAMETER_OR_UTILITY
Bloqueada por robots.txt,https://regalospremium.cl/paraguas-y-capas-de-agua/?order=product.name.asc,2026-08-15,https___regalospremium.cl_-Coverage-Drilldown-2026-10-03(1).zip,NOT_FETCHED_CLASS_AUDIT,,,no,,,,,,,,,,NOT_QUERIED_CLASS_AUDIT,NOT_QUERIED_CLASS_AUDIT,PASS,conservar bloqueo deliberado,GSC master export; classification by URL pattern only (no per-URL live fetch outside 404 priority),DELIBERATE_PARAMETER_OR_UTILITY
Bloqueada por robots.txt,https://regalospremium.cl/paraguas-y-capas-de-agua/?order=product.position.asc,2026-08-14,https___regalospremium.cl_-Coverage-Drilldown-2026-10-03(1).zip,NOT_FETCHED_CLASS_AUDIT,,,no,,,,,,,,,,NOT_QUERIED_CLASS_AUDIT,NOT_QUERIED_CLASS_AUDIT,PASS,conservar bloqueo deliberado,GSC master export; classification by URL pattern only (no per-URL live fetch outside 404 priority),DELIBERATE_PARAMETER_OR_UTILITY
Bloqueada por robots.txt,https://regalospremium.cl/regalos-publicitarios-para-viajes-y-vacaciones/?order=product.name.asc&page=2,2026-08-14,https___regalospremium.cl_-Coverage-Drilldown-2026-10-03(1).zip,NOT_FETCHED_CLASS_AUDIT,,,no,,,,,,,,,,NOT_QUERIED_CLASS_AUDIT,NOT_QUERIED_CLASS_AUDIT,PASS,conservar bloqueo deliberado,GSC master export; classification by URL pattern only (no per-URL live fetch outside 404 priority),DELIBERATE_PARAMETER_OR_UTILITY
Bloqueada por robots.txt,https://regalospremium.cl/regalos-publicitarios-para-viajes-y-vacaciones/?order=product.position.asc,2026-08-14,https___regalospremium.cl_-Coverage-Drilldown-2026-10-03(1).zip,NOT_FETCHED_CLASS_AUDIT,,,no,,,,,,,,,,NOT_QUERIED_CLASS_AUDIT,NOT_QUERIED_CLASS_AUDIT,PASS,conservar bloqueo deliberado,GSC master export; classification by URL pattern only (no per-URL live fetch outside 404 priority),DELIBERATE_PARAMETER_OR_UTILITY
Bloqueada por robots.txt,https://regalospremium.cl/regalos-publicitarios-para-viajes-y-vacaciones/?order=product.name.asc&page=3,2026-08-14,https___regalospremium.cl_-Coverage-Drilldown-2026-10-03(1).zip,NOT_FETCHED_CLASS_AUDIT,,,no,,,,,,,,,,NOT_QUERIED_CLASS_AUDIT,NOT_QUERIED_CLASS_AUDIT,PASS,conservar bloqueo deliberado,GSC master export; classification by URL pattern only (no per-URL live fetch outside 404 priority),DELIBERATE_PARAMETER_OR_UTILITY
Bloqueada por robots.txt,https://regalospremium.cl/llaveros-metalicos/?order=product.name.asc,2026-08-13,https___regalospremium.cl_-Coverage-Drilldown-2026-10-03(1).zip,NOT_FETCHED_CLASS_AUDIT,,,no,,,,,,,,,,NOT_QUERIED_CLASS_AUDIT,NOT_QUERIED_CLASS_AUDIT,PASS,conservar bloqueo deliberado,GSC master export; classification by URL pattern only (no per-URL live fetch outside 404 priority),DELIBERATE_PARAMETER_OR_UTILITY
Bloqueada por robots.txt,https://regalospremium.cl/comprar-gorros-y-jockeys-publicitarios/?order=product.name.asc,2026-08-13,https___regalospremium.cl_-Coverage-Drilldown-2026-10-03(1).zip,NOT_FETCHED_CLASS_AUDIT,,,no,,,,,,,,,,NOT_QUERIED_CLASS_AUDIT,NOT_QUERIED_CLASS_AUDIT,PASS,conservar bloqueo deliberado,GSC master export; classification by URL pattern only (no per-URL live fetch outside 404 priority),DELIBERATE_PARAMETER_OR_UTILITY
Bloqueada por robots.txt,https://regalospremium.cl/medallas-trofeos-galvanos/?order=product.position.asc,2026-08-11,https___regalospremium.cl_-Coverage-Drilldown-2026-10-03(1).zip,NOT_FETCHED_CLASS_AUDIT,,,no,,,,,,,,,,NOT_QUERIED_CLASS_AUDIT,NOT_QUERIED_CLASS_AUDIT,PASS,conservar bloqueo deliberado,GSC master export; classification by URL pattern only (no per-URL live fetch outside 404 priority),DELIBERATE_PARAMETER_OR_UTILITY
Bloqueada por robots.txt,https://regalospremium.cl/medallas-trofeos-galvanos/?order=product.name.desc,2026-08-11,https___regalospremium.cl_-Coverage-Drilldown-2026-10-03(1).zip,NOT_FETCHED_CLASS_AUDIT,,,no,,,,,,,,,,NOT_QUERIED_CLASS_AUDIT,NOT_QUERIED_CLASS_AUDIT,PASS,conservar bloqueo deliberado,GSC master export; classification by URL pattern only (no per-URL live fetch outside 404 priority),DELIBERATE_PARAMETER_OR_UTILITY
Bloqueada por robots.txt,https://regalospremium.cl/mochilas/?order=product.name.asc,2026-08-09,https___regalospremium.cl_-Coverage-Drilldown-2026-10-03(1).zip,NOT_FETCHED_CLASS_AUDIT,,,no,,,,,,,,,,NOT_QUERIED_CLASS_AUDIT,NOT_QUERIED_CLASS_AUDIT,PASS,conservar bloqueo deliberado,GSC master export; classification by URL pattern only (no per-URL live fetch outside 404 priority),DELIBERATE_PARAMETER_OR_UTILITY
Bloqueada por robots.txt,https://regalospremium.cl/mochilas/?order=product.position.asc,2026-08-08,https___regalospremium.cl_-Coverage-Drilldown-2026-10-03(1).zip,NOT_FETCHED_CLASS_AUDIT,,,no,,,,,,,,,,NOT_QUERIED_CLASS_AUDIT,NOT_QUERIED_CLASS_AUDIT,PASS,conservar bloqueo deliberado,GSC master export; classification by URL pattern only (no per-URL live fetch outside 404 priority),DELIBERATE_PARAMETER_OR_UTILITY
Bloqueada por robots.txt,https://regalospremium.cl/mochilas/?order=product.name.desc,2026-08-08,https___regalospremium.cl_-Coverage-Drilldown-2026-10-03(1).zip,NOT_FETCHED_CLASS_AUDIT,,,no,,,,,,,,,,NOT_QUERIED_CLASS_AUDIT,NOT_QUERIED_CLASS_AUDIT,PASS,conservar bloqueo deliberado,GSC master export; classification by URL pattern only (no per-URL live fetch outside 404 priority),DELIBERATE_PARAMETER_OR_UTILITY
Bloqueada por robots.txt,https://regalospremium.cl/publicitarios-bamboo/?order=product.name.desc,2026-08-07,https___regalospremium.cl_-Coverage-Drilldown-2026-10-03(1).zip,NOT_FETCHED_CLASS_AUDIT,,,no,"{""old_url"": ""https://regalospremium.cl/publicitarios-bamboo/*"", ""new_url"": ""https://regalospremium.cl/regalos-corporativos-bambu/*"", ""http_code"": ""301"", ""status"": ""APPLIED"", ""effective_date"": ""2026-09-30"", ""reason"": ""Consolidación del subárbol Bamboo""}",,,,,,,,,NOT_QUERIED_CLASS_AUDIT,NOT_QUERIED_CLASS_AUDIT,PASS,conservar bloqueo deliberado,GSC master export; classification by URL pattern only (no per-URL live fetch outside 404 priority),DELIBERATE_PARAMETER_OR_UTILITY
Bloqueada por robots.txt,https://regalospremium.cl/publicitarios-bamboo/?order=product.position.asc,2026-08-07,https___regalospremium.cl_-Coverage-Drilldown-2026-10-03(1).zip,NOT_FETCHED_CLASS_AUDIT,,,no,"{""old_url"": ""https://regalospremium.cl/publicitarios-bamboo/*"", ""new_url"": ""https://regalospremium.cl/regalos-corporativos-bambu/*"", ""http_code"": ""301"", ""status"": ""APPLIED"", ""effective_date"": ""2026-09-30"", ""reason"": ""Consolidación del subárbol Bamboo""}",,,,,,,,,NOT_QUERIED_CLASS_AUDIT,NOT_QUERIED_CLASS_AUDIT,PASS,conservar bloqueo deliberado,GSC master export; classification by URL pattern only (no per-URL live fetch outside 404 priority),DELIBERATE_PARAMETER_OR_UTILITY
Bloqueada por robots.txt,https://regalospremium.cl/botellas-metalicas-publicitarias/?order=product.position.asc,2026-08-06,https___regalospremium.cl_-Coverage-Drilldown-2026-10-03(1).zip,NOT_FETCHED_CLASS_AUDIT,,,no,,,,,,,,,,NOT_QUERIED_CLASS_AUDIT,NOT_QUERIED_CLASS_AUDIT,PASS,conservar bloqueo deliberado,GSC master export; classification by URL pattern only (no per-URL live fetch outside 404 priority),DELIBERATE_PARAMETER_OR_UTILITY
Bloqueada por robots.txt,https://regalospremium.cl/botellas-metalicas-publicitarias/?order=product.name.asc,2026-08-06,https___regalospremium.cl_-Coverage-Drilldown-2026-10-03(1).zip,NOT_FETCHED_CLASS_AUDIT,,,no,,,,,,,,,,NOT_QUERIED_CLASS_AUDIT,NOT_QUERIED_CLASS_AUDIT,PASS,conservar bloqueo deliberado,GSC master export; classification by URL pattern only (no per-URL live fetch outside 404 priority),DELIBERATE_PARAMETER_OR_UTILITY
Bloqueada por robots.txt,https://regalospremium.cl/botellas-metalicas-publicitarias/?order=product.name.desc,2026-08-06,https___regalospremium.cl_-Coverage-Drilldown-2026-10-03(1).zip,NOT_FETCHED_CLASS_AUDIT,,,no,,,,,,,,,,NOT_QUERIED_CLASS_AUDIT,NOT_QUERIED_CLASS_AUDIT,PASS,conservar bloqueo deliberado,GSC master export; classification by URL pattern only (no per-URL live fetch outside 404 priority),DELIBERATE_PARAMETER_OR_UTILITY
Bloqueada por robots.txt,https://regalospremium.cl/botellas-metalicas/?order=product.name.asc,2026-08-06,https___regalospremium.cl_-Coverage-Drilldown-2026-10-03(1).zip,NOT_FETCHED_CLASS_AUDIT,,,no,,,,,,,,,,NOT_QUERIED_CLASS_AUDIT,NOT_QUERIED_CLASS_AUDIT,PASS,conservar bloqueo deliberado,GSC master export; classification by URL pattern only (no per-URL live fetch outside 404 priority),DELIBERATE_PARAMETER_OR_UTILITY
Bloqueada por robots.txt,https://regalospremium.cl/botellas-metalicas/?order=product.position.asc,2026-08-06,https___regalospremium.cl_-Coverage-Drilldown-2026-10-03(1).zip,NOT_FETCHED_CLASS_AUDIT,,,no,,,,,,,,,,NOT_QUERIED_CLASS_AUDIT,NOT_QUERIED_CLASS_AUDIT,PASS,conservar bloqueo deliberado,GSC master export; classification by URL pattern only (no per-URL live fetch outside 404 priority),DELIBERATE_PARAMETER_OR_UTILITY
Bloqueada por robots.txt,https://regalospremium.cl/botellas-metalicas/?order=product.name.desc,2026-08-06,https___regalospremium.cl_-Coverage-Drilldown-2026-10-03(1).zip,NOT_FETCHED_CLASS_AUDIT,,,no,,,,,,,,,,NOT_QUERIED_CLASS_AUDIT,NOT_QUERIED_CLASS_AUDIT,PASS,conservar bloqueo deliberado,GSC master export; classification by URL pattern only (no per-URL live fetch outside 404 priority),DELIBERATE_PARAMETER_OR_UTILITY
Bloqueada por robots.txt,https://regalospremium.cl/regalos-para-hogar-belleza-y-salud/?order=product.name.desc&page=2,2026-08-04,https___regalospremium.cl_-Coverage-Drilldown-2026-10-03(1).zip,NOT_FETCHED_CLASS_AUDIT,,,no,,,,,,,,,,NOT_QUERIED_CLASS_AUDIT,NOT_QUERIED_CLASS_AUDIT,PASS,conservar bloqueo deliberado,GSC master export; classification by URL pattern only (no per-URL live fetch outside 404 priority),DELIBERATE_PARAMETER_OR_UTILITY
Bloqueada por robots.txt,https://regalospremium.cl/lanyards-e-identificacion-empresa/?order=product.position.asc,2026-08-01,https___regalospremium.cl_-Coverage-Drilldown-2026-10-03(1).zip,NOT_FETCHED_CLASS_AUDIT,,,no,,,,,,,,,,NOT_QUERIED_CLASS_AUDIT,NOT_QUERIED_CLASS_AUDIT,PASS,conservar bloqueo deliberado,GSC master export; classification by URL pattern only (no per-URL live fetch outside 404 priority),DELIBERATE_PARAMETER_OR_UTILITY
Bloqueada por robots.txt,https://regalospremium.cl/punteros-laser-y-datashow/?order=product.name.asc,2026-07-30,https___regalospremium.cl_-Coverage-Drilldown-2026-10-03(1).zip,NOT_FETCHED_CLASS_AUDIT,,,no,,,,,,,,,,NOT_QUERIED_CLASS_AUDIT,NOT_QUERIED_CLASS_AUDIT,PASS,conservar bloqueo deliberado,GSC master export; classification by URL pattern only (no per-URL live fetch outside 404 priority),DELIBERATE_PARAMETER_OR_UTILITY
Bloqueada por robots.txt,https://regalospremium.cl/bananos/?order=product.name.desc,2026-07-30,https___regalospremium.cl_-Coverage-Drilldown-2026-10-03(1).zip,NOT_FETCHED_CLASS_AUDIT,,,no,,,,,,,,,,NOT_QUERIED_CLASS_AUDIT,NOT_QUERIED_CLASS_AUDIT,PASS,conservar bloqueo deliberado,GSC master export; classification by URL pattern only (no per-URL live fetch outside 404 priority),DELIBERATE_PARAMETER_OR_UTILITY
Bloqueada por robots.txt,https://regalospremium.cl/maletines-y-fundas/?order=product.name.desc,2026-07-30,https___regalospremium.cl_-Coverage-Drilldown-2026-10-03(1).zip,NOT_FETCHED_CLASS_AUDIT,,,no,,,,,,,,,,NOT_QUERIED_CLASS_AUDIT,NOT_QUERIED_CLASS_AUDIT,PASS,conservar bloqueo deliberado,GSC master export; classification by URL pattern only (no per-URL live fetch outside 404 priority),DELIBERATE_PARAMETER_OR_UTILITY
Bloqueada por robots.txt,https://regalospremium.cl/mi-cuenta,2026-07-30,https___regalospremium.cl_-Coverage-Drilldown-2026-10-03(1).zip,NOT_FETCHED_CLASS_AUDIT,,,no,,,,,,,,,,NOT_QUERIED_CLASS_AUDIT,NOT_QUERIED_CLASS_AUDIT,PASS,conservar bloqueo deliberado,GSC master export; classification by URL pattern only (no per-URL live fetch outside 404 priority),DELIBERATE_PARAMETER_OR_UTILITY
Bloqueada por robots.txt,https://regalospremium.cl/boligrafos-cuerpo-color/?order=product.name.asc,2026-07-30,https___regalospremium.cl_-Coverage-Drilldown-2026-10-03(1).zip,NOT_FETCHED_CLASS_AUDIT,,,no,,,,,,,,,,NOT_QUERIED_CLASS_AUDIT,NOT_QUERIED_CLASS_AUDIT,PASS,conservar bloqueo deliberado,GSC master export; classification by URL pattern only (no per-URL live fetch outside 404 priority),DELIBERATE_PARAMETER_OR_UTILITY
Bloqueada por robots.txt,https://regalospremium.cl/boligrafos-metalicos-y-ejecutivos/?order=product.name.desc,2026-07-28,https___regalospremium.cl_-Coverage-Drilldown-2026-10-03(1).zip,NOT_FETCHED_CLASS_AUDIT,,,no,,,,,,,,,,NOT_QUERIED_CLASS_AUDIT,NOT_QUERIED_CLASS_AUDIT,PASS,conservar bloqueo deliberado,GSC master export; classification by URL pattern only (no per-URL live fetch outside 404 priority),DELIBERATE_PARAMETER_OR_UTILITY
Bloqueada por robots.txt,https://regalospremium.cl/bolsas-de-tnt-publicitarias/?order=product.name.asc,2026-07-28,https___regalospremium.cl_-Coverage-Drilldown-2026-10-03(1).zip,NOT_FETCHED_CLASS_AUDIT,,,no,,,,,,,,,,NOT_QUERIED_CLASS_AUDIT,NOT_QUERIED_CLASS_AUDIT,PASS,conservar bloqueo deliberado,GSC master export; classification by URL pattern only (no per-URL live fetch outside 404 priority),DELIBERATE_PARAMETER_OR_UTILITY
Bloqueada por robots.txt,https://regalospremium.cl/boligrafos-y-lapices-publicitarios/?order=product.name.asc,2026-07-28,https___regalospremium.cl_-Coverage-Drilldown-2026-10-03(1).zip,NOT_FETCHED_CLASS_AUDIT,,,no,,,,,,,,,,NOT_QUERIED_CLASS_AUDIT,NOT_QUERIED_CLASS_AUDIT,PASS,conservar bloqueo deliberado,GSC master export; classification by URL pattern only (no per-URL live fetch outside 404 priority),DELIBERATE_PARAMETER_OR_UTILITY
Bloqueada por robots.txt,https://regalospremium.cl/bolsas-publicitarias-con-logotipo/?order=product.name.desc,2026-07-28,https___regalospremium.cl_-Coverage-Drilldown-2026-10-03(1).zip,NOT_FETCHED_CLASS_AUDIT,,,no,,,,,,,,,,NOT_QUERIED_CLASS_AUDIT,NOT_QUERIED_CLASS_AUDIT,PASS,conservar bloqueo deliberado,GSC master export; classification by URL pattern only (no per-URL live fetch outside 404 priority),DELIBERATE_PARAMETER_OR_UTILITY
Bloqueada por robots.txt,https://regalospremium.cl/boligrafos-y-lapices-publicitarios/?order=product.position.asc,2026-07-26,https___regalospremium.cl_-Coverage-Drilldown-2026-10-03(1).zip,NOT_FETCHED_CLASS_AUDIT,,,no,,,,,,,,,,NOT_QUERIED_CLASS_AUDIT,NOT_QUERIED_CLASS_AUDIT,PASS,conservar bloqueo deliberado,GSC master export; classification by URL pattern only (no per-URL live fetch outside 404 priority),DELIBERATE_PARAMETER_OR_UTILITY
Bloqueada por robots.txt,https://regalospremium.cl/iniciar-sesion?back=my-account,2026-07-25,https___regalospremium.cl_-Coverage-Drilldown-2026-10-03(1).zip,NOT_FETCHED_CLASS_AUDIT,,,no,,,,,,,,,,NOT_QUERIED_CLASS_AUDIT,NOT_QUERIED_CLASS_AUDIT,PASS,conservar bloqueo deliberado,GSC master export; classification by URL pattern only (no per-URL live fetch outside 404 priority),DELIBERATE_PARAMETER_OR_UTILITY
Bloqueada por robots.txt,https://regalospremium.cl/bolsas-publicitarias-con-logotipo/?order=product.name.asc,2026-07-25,https___regalospremium.cl_-Coverage-Drilldown-2026-10-03(1).zip,NOT_FETCHED_CLASS_AUDIT,,,no,,,,,,,,,,NOT_QUERIED_CLASS_AUDIT,NOT_QUERIED_CLASS_AUDIT,PASS,conservar bloqueo deliberado,GSC master export; classification by URL pattern only (no per-URL live fetch outside 404 priority),DELIBERATE_PARAMETER_OR_UTILITY
Bloqueada por robots.txt,https://regalospremium.cl/bolsos-y-mochilas-publicitarios/?order=product.name.desc,2026-07-23,https___regalospremium.cl_-Coverage-Drilldown-2026-10-03(1).zip,NOT_FETCHED_CLASS_AUDIT,,,no,,,,,,,,,,NOT_QUERIED_CLASS_AUDIT,NOT_QUERIED_CLASS_AUDIT,PASS,conservar bloqueo deliberado,GSC master export; classification by URL pattern only (no per-URL live fetch outside 404 priority),DELIBERATE_PARAMETER_OR_UTILITY
Bloqueada por robots.txt,https://regalospremium.cl/boligrafos-metalicos-y-ejecutivos/?order=product.position.asc,2026-07-23,https___regalospremium.cl_-Coverage-Drilldown-2026-10-03(1).zip,NOT_FETCHED_CLASS_AUDIT,,,no,,,,,,,,,,NOT_QUERIED_CLASS_AUDIT,NOT_QUERIED_CLASS_AUDIT,PASS,conservar bloqueo deliberado,GSC master export; classification by URL pattern only (no per-URL live fetch outside 404 priority),DELIBERATE_PARAMETER_OR_UTILITY
Bloqueada por robots.txt,https://regalospremium.cl/bolsas-de-algodon-publicitarias/?order=product.name.desc,2026-07-23,https___regalospremium.cl_-Coverage-Drilldown-2026-10-03(1).zip,NOT_FETCHED_CLASS_AUDIT,,,no,,,,,,,,,,NOT_QUERIED_CLASS_AUDIT,NOT_QUERIED_CLASS_AUDIT,PASS,conservar bloqueo deliberado,GSC master export; classification by URL pattern only (no per-URL live fetch outside 404 priority),DELIBERATE_PARAMETER_OR_UTILITY
Bloqueada por robots.txt,https://regalospremium.cl/bolsos-y-mochilas-publicitarios/?order=product.name.asc,2026-07-23,https___regalospremium.cl_-Coverage-Drilldown-2026-10-03(1).zip,NOT_FETCHED_CLASS_AUDIT,,,no,,,,,,,,,,NOT_QUERIED_CLASS_AUDIT,NOT_QUERIED_CLASS_AUDIT,PASS,conservar bloqueo deliberado,GSC master export; classification by URL pattern only (no per-URL live fetch outside 404 priority),DELIBERATE_PARAMETER_OR_UTILITY
Bloqueada por robots.txt,https://regalospremium.cl/boligrafos-funcionales-y-destacadores/?order=product.name.desc,2026-07-18,https___regalospremium.cl_-Coverage-Drilldown-2026-10-03(1).zip,NOT_FETCHED_CLASS_AUDIT,,,no,,,,,,,,,,NOT_QUERIED_CLASS_AUDIT,NOT_QUERIED_CLASS_AUDIT,PASS,conservar bloqueo deliberado,GSC master export; classification by URL pattern only (no per-URL live fetch outside 404 priority),DELIBERATE_PARAMETER_OR_UTILITY
Bloqueada por robots.txt,https://regalospremium.cl/boligrafos-touch-screen/?order=product.name.desc,2026-07-18,https___regalospremium.cl_-Coverage-Drilldown-2026-10-03(1).zip,NOT_FETCHED_CLASS_AUDIT,,,no,,,,,,,,,,NOT_QUERIED_CLASS_AUDIT,NOT_QUERIED_CLASS_AUDIT,PASS,conservar bloqueo deliberado,GSC master export; classification by URL pattern only (no per-URL live fetch outside 404 priority),DELIBERATE_PARAMETER_OR_UTILITY
Bloqueada por robots.txt,https://regalospremium.cl/bolsas-publicitarias-con-logotipo/?order=product.name.desc&page=4,2026-07-16,https___regalospremium.cl_-Coverage-Drilldown-2026-10-03(1).zip,NOT_FETCHED_CLASS_AUDIT,,,no,,,,,,,,,,NOT_QUERIED_CLASS_AUDIT,NOT_QUERIED_CLASS_AUDIT,PASS,conservar bloqueo deliberado,GSC master export; classification by URL pattern only (no per-URL live fetch outside 404 priority),DELIBERATE_PARAMETER_OR_UTILITY
Bloqueada por robots.txt,https://regalospremium.cl/llaveros-promocionales/?order=product.name.desc,2026-07-15,https___regalospremium.cl_-Coverage-Drilldown-2026-10-03(1).zip,NOT_FETCHED_CLASS_AUDIT,,,no,,,,,,,,,,NOT_QUERIED_CLASS_AUDIT,NOT_QUERIED_CLASS_AUDIT,PASS,conservar bloqueo deliberado,GSC master export; classification by URL pattern only (no per-URL live fetch outside 404 priority),DELIBERATE_PARAMETER_OR_UTILITY
Bloqueada por robots.txt,https://regalospremium.cl/bolsas-de-papel-publicitarias/?order=product.position.asc,2026-07-15,https___regalospremium.cl_-Coverage-Drilldown-2026-10-03(1).zip,NOT_FETCHED_CLASS_AUDIT,,,no,,,,,,,,,,NOT_QUERIED_CLASS_AUDIT,NOT_QUERIED_CLASS_AUDIT,PASS,conservar bloqueo deliberado,GSC master export; classification by URL pattern only (no per-URL live fetch outside 404 priority),DELIBERATE_PARAMETER_OR_UTILITY
Bloqueada por robots.txt,https://regalospremium.cl/bolsas-de-papel-publicitarias/?order=product.name.asc,2026-07-15,https___regalospremium.cl_-Coverage-Drilldown-2026-10-03(1).zip,NOT_FETCHED_CLASS_AUDIT,,,no,,,,,,,,,,NOT_QUERIED_CLASS_AUDIT,NOT_QUERIED_CLASS_AUDIT,PASS,conservar bloqueo deliberado,GSC master export; classification by URL pattern only (no per-URL live fetch outside 404 priority),DELIBERATE_PARAMETER_OR_UTILITY
Bloqueada por robots.txt,https://regalospremium.cl/bolsas-de-algodon-publicitarias/?order=product.name.desc&page=2,2026-07-15,https___regalospremium.cl_-Coverage-Drilldown-2026-10-03(1).zip,NOT_FETCHED_CLASS_AUDIT,,,no,,,,,,,,,,NOT_QUERIED_CLASS_AUDIT,NOT_QUERIED_CLASS_AUDIT,PASS,conservar bloqueo deliberado,GSC master export; classification by URL pattern only (no per-URL live fetch outside 404 priority),DELIBERATE_PARAMETER_OR_UTILITY
Bloqueada por robots.txt,https://regalospremium.cl/boligrafos-touch-screen/?order=product.name.asc,2026-07-14,https___regalospremium.cl_-Coverage-Drilldown-2026-10-03(1).zip,NOT_FETCHED_CLASS_AUDIT,,,no,,,,,,,,,,NOT_QUERIED_CLASS_AUDIT,NOT_QUERIED_CLASS_AUDIT,PASS,conservar bloqueo deliberado,GSC master export; classification by URL pattern only (no per-URL live fetch outside 404 priority),DELIBERATE_PARAMETER_OR_UTILITY
Bloqueada por robots.txt,https://regalospremium.cl/bolsas-de-tnt-publicitarias/?order=product.name.desc,2026-07-14,https___regalospremium.cl_-Coverage-Drilldown-2026-10-03(1).zip,NOT_FETCHED_CLASS_AUDIT,,,no,,,,,,,,,,NOT_QUERIED_CLASS_AUDIT,NOT_QUERIED_CLASS_AUDIT,PASS,conservar bloqueo deliberado,GSC master export; classification by URL pattern only (no per-URL live fetch outside 404 priority),DELIBERATE_PARAMETER_OR_UTILITY
Bloqueada por robots.txt,https://regalospremium.cl/boligrafos-metalicos-y-ejecutivos/?order=product.name.asc,2026-07-11,https___regalospremium.cl_-Coverage-Drilldown-2026-10-03(1).zip,NOT_FETCHED_CLASS_AUDIT,,,no,,,,,,,,,,NOT_QUERIED_CLASS_AUDIT,NOT_QUERIED_CLASS_AUDIT,PASS,conservar bloqueo deliberado,GSC master export; classification by URL pattern only (no per-URL live fetch outside 404 priority),DELIBERATE_PARAMETER_OR_UTILITY
Bloqueada por robots.txt,https://regalospremium.cl/bolsos-y-mochilas-publicitarios/?order=product.name.desc&page=4,2026-07-09,https___regalospremium.cl_-Coverage-Drilldown-2026-10-03(1).zip,NOT_FETCHED_CLASS_AUDIT,,,no,,,,,,,,,,NOT_QUERIED_CLASS_AUDIT,NOT_QUERIED_CLASS_AUDIT,PASS,conservar bloqueo deliberado,GSC master export; classification by URL pattern only (no per-URL live fetch outside 404 priority),DELIBERATE_PARAMETER_OR_UTILITY
Bloqueada por robots.txt,https://regalospremium.cl/boligrafos-cuerpo-color/?order=product.name.desc,2026-07-09,https___regalospremium.cl_-Coverage-Drilldown-2026-10-03(1).zip,NOT_FETCHED_CLASS_AUDIT,,,no,,,,,,,,,,NOT_QUERIED_CLASS_AUDIT,NOT_QUERIED_CLASS_AUDIT,PASS,conservar bloqueo deliberado,GSC master export; classification by URL pattern only (no per-URL live fetch outside 404 priority),DELIBERATE_PARAMETER_OR_UTILITY
Bloqueada por robots.txt,https://regalospremium.cl/linea-ecologica-green/?order=product.name.desc,2026-07-08,https___regalospremium.cl_-Coverage-Drilldown-2026-10-03(1).zip,NOT_FETCHED_CLASS_AUDIT,,,no,,,,,,,,,,NOT_QUERIED_CLASS_AUDIT,NOT_QUERIED_CLASS_AUDIT,PASS,conservar bloqueo deliberado,GSC master export; classification by URL pattern only (no per-URL live fetch outside 404 priority),DELIBERATE_PARAMETER_OR_UTILITY
Bloqueada por robots.txt,https://regalospremium.cl/regalos-publicitarios-para-automovil/?order=product.name.asc,2026-07-08,https___regalospremium.cl_-Coverage-Drilldown-2026-10-03(1).zip,NOT_FETCHED_CLASS_AUDIT,,,no,,,,,,,,,,NOT_QUERIED_CLASS_AUDIT,NOT_QUERIED_CLASS_AUDIT,PASS,conservar bloqueo deliberado,GSC master export; classification by URL pattern only (no per-URL live fetch outside 404 priority),DELIBERATE_PARAMETER_OR_UTILITY
Bloqueada por robots.txt,https://regalospremium.cl/regalos-promocionales-tecnologicos/?order=product.position.asc,2026-07-07,https___regalospremium.cl_-Coverage-Drilldown-2026-10-03(1).zip,NOT_FETCHED_CLASS_AUDIT,,,no,,,,,,,,,,NOT_QUERIED_CLASS_AUDIT,NOT_QUERIED_CLASS_AUDIT,PASS,conservar bloqueo deliberado,GSC master export; classification by URL pattern only (no per-URL live fetch outside 404 priority),DELIBERATE_PARAMETER_OR_UTILITY
Bloqueada por robots.txt,https://regalospremium.cl/boligrafos-y-lapices-publicitarios/?order=product.name.desc,2026-07-07,https___regalospremium.cl_-Coverage-Drilldown-2026-10-03(1).zip,NOT_FETCHED_CLASS_AUDIT,,,no,,,,,,,,,,NOT_QUERIED_CLASS_AUDIT,NOT_QUERIED_CLASS_AUDIT,PASS,conservar bloqueo deliberado,GSC master export; classification by URL pattern only (no per-URL live fetch outside 404 priority),DELIBERATE_PARAMETER_OR_UTILITY
Bloqueada por robots.txt,https://regalospremium.cl/bolsas-de-yute-publicitarias/?order=product.name.desc,2026-07-04,https___regalospremium.cl_-Coverage-Drilldown-2026-10-03(1).zip,NOT_FETCHED_CLASS_AUDIT,,,no,,,,,,,,,,NOT_QUERIED_CLASS_AUDIT,NOT_QUERIED_CLASS_AUDIT,PASS,conservar bloqueo deliberado,GSC master export; classification by URL pattern only (no per-URL live fetch outside 404 priority),DELIBERATE_PARAMETER_OR_UTILITY
Bloqueada por robots.txt,https://regalospremium.cl/medallas-trofeos-galvanos/?order=product.name.asc,2026-07-03,https___regalospremium.cl_-Coverage-Drilldown-2026-10-03(1).zip,NOT_FETCHED_CLASS_AUDIT,,,no,,,,,,,,,,NOT_QUERIED_CLASS_AUDIT,NOT_QUERIED_CLASS_AUDIT,PASS,conservar bloqueo deliberado,GSC master export; classification by URL pattern only (no per-URL live fetch outside 404 priority),DELIBERATE_PARAMETER_OR_UTILITY
Bloqueada por robots.txt,https://regalospremium.cl/cotizar-productos-para-sublimacion/?order=product.name.desc,2026-07-03,https___regalospremium.cl_-Coverage-Drilldown-2026-10-03(1).zip,NOT_FETCHED_CLASS_AUDIT,,,no,,,,,,,,,,NOT_QUERIED_CLASS_AUDIT,NOT_QUERIED_CLASS_AUDIT,PASS,conservar bloqueo deliberado,GSC master export; classification by URL pattern only (no per-URL live fetch outside 404 priority),DELIBERATE_PARAMETER_OR_UTILITY
Bloqueada por robots.txt,https://regalospremium.cl/bolsas-de-yute-publicitarias/?order=product.name.asc,2026-07-03,https___regalospremium.cl_-Coverage-Drilldown-2026-10-03(1).zip,NOT_FETCHED_CLASS_AUDIT,,,no,,,,,,,,,,NOT_QUERIED_CLASS_AUDIT,NOT_QUERIED_CLASS_AUDIT,PASS,conservar bloqueo deliberado,GSC master export; classification by URL pattern only (no per-URL live fetch outside 404 priority),DELIBERATE_PARAMETER_OR_UTILITY
Bloqueada por robots.txt,https://regalospremium.cl/bolsos-y-mochilas-publicitarios/?order=product.position.asc,2026-07-02,https___regalospremium.cl_-Coverage-Drilldown-2026-10-03(1).zip,NOT_FETCHED_CLASS_AUDIT,,,no,,,,,,,,,,NOT_QUERIED_CLASS_AUDIT,NOT_QUERIED_CLASS_AUDIT,PASS,conservar bloqueo deliberado,GSC master export; classification by URL pattern only (no per-URL live fetch outside 404 priority),DELIBERATE_PARAMETER_OR_UTILITY
Bloqueada por robots.txt,https://regalospremium.cl/coolers-publicitarios/?order=product.name.asc,2026-07-02,https___regalospremium.cl_-Coverage-Drilldown-2026-10-03(1).zip,NOT_FETCHED_CLASS_AUDIT,,,no,,,,,,,,,,NOT_QUERIED_CLASS_AUDIT,NOT_QUERIED_CLASS_AUDIT,PASS,conservar bloqueo deliberado,GSC master export; classification by URL pattern only (no per-URL live fetch outside 404 priority),DELIBERATE_PARAMETER_OR_UTILITY
Bloqueada por robots.txt,https://regalospremium.cl/bolsas-de-fieltro-publicitarias/?order=product.position.asc,2026-07-01,https___regalospremium.cl_-Coverage-Drilldown-2026-10-03(1).zip,NOT_FETCHED_CLASS_AUDIT,,,no,,,,,,,,,,NOT_QUERIED_CLASS_AUDIT,NOT_QUERIED_CLASS_AUDIT,PASS,conservar bloqueo deliberado,GSC master export; classification by URL pattern only (no per-URL live fetch outside 404 priority),DELIBERATE_PARAMETER_OR_UTILITY
Bloqueada por robots.txt,https://regalospremium.cl/index.php?controller=module-ps_shoppingcart-ajax,2026-06-29,https___regalospremium.cl_-Coverage-Drilldown-2026-10-03(1).zip,NOT_FETCHED_CLASS_AUDIT,,,no,,,,,,,,,,NOT_QUERIED_CLASS_AUDIT,NOT_QUERIED_CLASS_AUDIT,PASS,conservar bloqueo deliberado,GSC master export; classification by URL pattern only (no per-URL live fetch outside 404 priority),DELIBERATE_PARAMETER_OR_UTILITY
Bloqueada por robots.txt,https://regalospremium.cl/index.php?controller=module-stshoppingcart-ajax,2026-06-27,https___regalospremium.cl_-Coverage-Drilldown-2026-10-03(1).zip,NOT_FETCHED_CLASS_AUDIT,,,no,,,,,,,,,,NOT_QUERIED_CLASS_AUDIT,NOT_QUERIED_CLASS_AUDIT,PASS,conservar bloqueo deliberado,GSC master export; classification by URL pattern only (no per-URL live fetch outside 404 priority),DELIBERATE_PARAMETER_OR_UTILITY
Página alternativa con etiqueta canónica adecuada,https://regalospremium.cl/publicitarios-ecofriendly/,2026-09-13,https___regalospremium.cl_-Coverage-Drilldown-2026-10-03(2).zip,NOT_FETCHED_CLASS_AUDIT,,,no,,,,,,,,,,NOT_QUERIED_CLASS_AUDIT,NOT_QUERIED_CLASS_AUDIT,PASS,conservar canonical declarada; no indexar variante,GSC master export; classification by URL pattern only (no per-URL live fetch outside 404 priority),
Página alternativa con etiqueta canónica adecuada,https://regalospremium.cl/boligrafos-funcionales-y-destacadores/,2026-09-12,https___regalospremium.cl_-Coverage-Drilldown-2026-10-03(2).zip,NOT_FETCHED_CLASS_AUDIT,,,no,,,,,,,,,,NOT_QUERIED_CLASS_AUDIT,NOT_QUERIED_CLASS_AUDIT,PASS,conservar canonical declarada; no indexar variante,GSC master export; classification by URL pattern only (no per-URL live fetch outside 404 priority),
Página alternativa con etiqueta canónica adecuada,https://regalospremium.cl/boligrafos-cuerpo-blanco/,2026-09-05,https___regalospremium.cl_-Coverage-Drilldown-2026-10-03(2).zip,NOT_FETCHED_CLASS_AUDIT,,,no,,,,,,,,,,NOT_QUERIED_CLASS_AUDIT,NOT_QUERIED_CLASS_AUDIT,PASS,conservar canonical declarada; no indexar variante,GSC master export; classification by URL pattern only (no per-URL live fetch outside 404 priority),
Página alternativa con etiqueta canónica adecuada,https://regalospremium.cl/mugs-termos-sublimacion/,2026-09-01,https___regalospremium.cl_-Coverage-Drilldown-2026-10-03(2).zip,NOT_FETCHED_CLASS_AUDIT,,,no,,,,,,,,,,NOT_QUERIED_CLASS_AUDIT,NOT_QUERIED_CLASS_AUDIT,PASS,conservar canonical declarada; no indexar variante,GSC master export; classification by URL pattern only (no per-URL live fetch outside 404 priority),
Página alternativa con etiqueta canónica adecuada,https://regalospremium.cl/publicitarios-bamboo/,2026-08-31,https___regalospremium.cl_-Coverage-Drilldown-2026-10-03(2).zip,NOT_FETCHED_CLASS_AUDIT,,,no,"{""old_url"": ""https://regalospremium.cl/publicitarios-bamboo/"", ""new_url"": ""https://regalospremium.cl/regalos-corporativos-bambu/"", ""http_code"": ""301"", ""status"": ""APPLIED"", ""effective_date"": ""2026-09-30"", ""reason"": ""Consolidación de categoría Bamboo""}",,,,,,,,,NOT_QUERIED_CLASS_AUDIT,NOT_QUERIED_CLASS_AUDIT,PASS,conservar canonical declarada; no indexar variante,GSC master export; classification by URL pattern only (no per-URL live fetch outside 404 priority),
Página alternativa con etiqueta canónica adecuada,https://regalospremium.cl/llaveros-metalicos/,2026-08-30,https___regalospremium.cl_-Coverage-Drilldown-2026-10-03(2).zip,NOT_FETCHED_CLASS_AUDIT,,,yes,,,,,,,,,,NOT_QUERIED_CLASS_AUDIT,NOT_QUERIED_CLASS_AUDIT,PASS,conservar canonical declarada; no indexar variante,GSC master export; classification by URL pattern only (no per-URL live fetch outside 404 priority),
Página alternativa con etiqueta canónica adecuada,https://regalospremium.cl/boligrafos-cuerpo-color/,2026-08-22,https___regalospremium.cl_-Coverage-Drilldown-2026-10-03(2).zip,NOT_FETCHED_CLASS_AUDIT,,,no,,,,,,,,,,NOT_QUERIED_CLASS_AUDIT,NOT_QUERIED_CLASS_AUDIT,PASS,conservar canonical declarada; no indexar variante,GSC master export; classification by URL pattern only (no per-URL live fetch outside 404 priority),
Página alternativa con etiqueta canónica adecuada,https://regalospremium.cl/boligrafos-cuerpo-plateado/,2026-08-07,https___regalospremium.cl_-Coverage-Drilldown-2026-10-03(2).zip,NOT_FETCHED_CLASS_AUDIT,,,no,,,,,,,,,,NOT_QUERIED_CLASS_AUDIT,NOT_QUERIED_CLASS_AUDIT,PASS,conservar canonical declarada; no indexar variante,GSC master export; classification by URL pattern only (no per-URL live fetch outside 404 priority),
Página alternativa con etiqueta canónica adecuada,https://regalospremium.cl/botellas-metalicas/?page=2,2026-08-06,https___regalospremium.cl_-Coverage-Drilldown-2026-10-03(2).zip,NOT_FETCHED_CLASS_AUDIT,,,no,,,,,,,,,,NOT_QUERIED_CLASS_AUDIT,NOT_QUERIED_CLASS_AUDIT,PASS,conservar canonical declarada; no indexar variante,GSC master export; classification by URL pattern only (no per-URL live fetch outside 404 priority),
Página alternativa con etiqueta canónica adecuada,https://regalospremium.cl/botellas-metalicas/?page=3,2026-08-06,https___regalospremium.cl_-Coverage-Drilldown-2026-10-03(2).zip,NOT_FETCHED_CLASS_AUDIT,,,no,,,,,,,,,,NOT_QUERIED_CLASS_AUDIT,NOT_QUERIED_CLASS_AUDIT,PASS,conservar canonical declarada; no indexar variante,GSC master export; classification by URL pattern only (no per-URL live fetch outside 404 priority),
Página alternativa con etiqueta canónica adecuada,https://regalospremium.cl/linea-ecologica-green/?order=product.name.asc,2026-06-25,https___regalospremium.cl_-Coverage-Drilldown-2026-10-03(2).zip,NOT_FETCHED_CLASS_AUDIT,,,no,,,,,,,,,,NOT_QUERIED_CLASS_AUDIT,NOT_QUERIED_CLASS_AUDIT,PASS,conservar canonical declarada; no indexar variante,GSC master export; classification by URL pattern only (no per-URL live fetch outside 404 priority),
Página alternativa con etiqueta canónica adecuada,https://regalospremium.cl/regalos-promocionales-tecnologicos/?order=product.name.asc&page=2,2026-06-09,https___regalospremium.cl_-Coverage-Drilldown-2026-10-03(2).zip,NOT_FETCHED_CLASS_AUDIT,,,no,,,,,,,,,,NOT_QUERIED_CLASS_AUDIT,NOT_QUERIED_CLASS_AUDIT,PASS,conservar canonical declarada; no indexar variante,GSC master export; classification by URL pattern only (no per-URL live fetch outside 404 priority),
Página alternativa con etiqueta canónica adecuada,https://regalospremium.cl/bolsos-y-mochilas-publicitarios/?order=product.name.asc&page=4,2026-05-29,https___regalospremium.cl_-Coverage-Drilldown-2026-10-03(2).zip,NOT_FETCHED_CLASS_AUDIT,,,no,,,,,,,,,,NOT_QUERIED_CLASS_AUDIT,NOT_QUERIED_CLASS_AUDIT,PASS,conservar canonical declarada; no indexar variante,GSC master export; classification by URL pattern only (no per-URL live fetch outside 404 priority),
Página alternativa con etiqueta canónica adecuada,https://regalospremium.cl/bolsos-y-mochilas-publicitarios/?order=product.name.desc&page=2,2026-05-29,https___regalospremium.cl_-Coverage-Drilldown-2026-10-03(2).zip,NOT_FETCHED_CLASS_AUDIT,,,no,,,,,,,,,,NOT_QUERIED_CLASS_AUDIT,NOT_QUERIED_CLASS_AUDIT,PASS,conservar canonical declarada; no indexar variante,GSC master export; classification by URL pattern only (no per-URL live fetch outside 404 priority),
Página alternativa con etiqueta canónica adecuada,https://regalospremium.cl/bolsas-de-tnt-publicitarias/?order=product.name.desc&page=2,2026-05-25,https___regalospremium.cl_-Coverage-Drilldown-2026-10-03(2).zip,NOT_FETCHED_CLASS_AUDIT,,,no,,,,,,,,,,NOT_QUERIED_CLASS_AUDIT,NOT_QUERIED_CLASS_AUDIT,PASS,conservar canonical declarada; no indexar variante,GSC master export; classification by URL pattern only (no per-URL live fetch outside 404 priority),
Página alternativa con etiqueta canónica adecuada,https://regalospremium.cl/billeteras-y-porta-documentos/?order=product.position.asc,2026-05-19,https___regalospremium.cl_-Coverage-Drilldown-2026-10-03(2).zip,NOT_FETCHED_CLASS_AUDIT,,,no,,,,,,,,,,NOT_QUERIED_CLASS_AUDIT,NOT_QUERIED_CLASS_AUDIT,PASS,conservar canonical declarada; no indexar variante,GSC master export; classification by URL pattern only (no per-URL live fetch outside 404 priority),
Página alternativa con etiqueta canónica adecuada,https://regalospremium.cl/boligrafos-cuerpo-plateado/?order=product.position.asc,2026-05-17,https___regalospremium.cl_-Coverage-Drilldown-2026-10-03(2).zip,NOT_FETCHED_CLASS_AUDIT,,,no,,,,,,,,,,NOT_QUERIED_CLASS_AUDIT,NOT_QUERIED_CLASS_AUDIT,PASS,conservar canonical declarada; no indexar variante,GSC master export; classification by URL pattern only (no per-URL live fetch outside 404 priority),
Página alternativa con etiqueta canónica adecuada,https://regalospremium.cl/bolsas-publicitarias-con-logotipo/?order=product.name.desc&page=2,2026-05-16,https___regalospremium.cl_-Coverage-Drilldown-2026-10-03(2).zip,NOT_FETCHED_CLASS_AUDIT,,,no,,,,,,,,,,NOT_QUERIED_CLASS_AUDIT,NOT_QUERIED_CLASS_AUDIT,PASS,conservar canonical declarada; no indexar variante,GSC master export; classification by URL pattern only (no per-URL live fetch outside 404 priority),
Página alternativa con etiqueta canónica adecuada,https://regalospremium.cl/publicitarios-ecofriendly/?order=product.position.asc&page=2,2026-05-04,https___regalospremium.cl_-Coverage-Drilldown-2026-10-03(2).zip,NOT_FETCHED_CLASS_AUDIT,,,no,,,,,,,,,,NOT_QUERIED_CLASS_AUDIT,NOT_QUERIED_CLASS_AUDIT,PASS,conservar canonical declarada; no indexar variante,GSC master export; classification by URL pattern only (no per-URL live fetch outside 404 priority),
Página alternativa con etiqueta canónica adecuada,https://regalospremium.cl/publicitarios-ecofriendly/?order=product.position.asc,2026-05-04,https___regalospremium.cl_-Coverage-Drilldown-2026-10-03(2).zip,NOT_FETCHED_CLASS_AUDIT,,,no,,,,,,,,,,NOT_QUERIED_CLASS_AUDIT,NOT_QUERIED_CLASS_AUDIT,PASS,conservar canonical declarada; no indexar variante,GSC master export; classification by URL pattern only (no per-URL live fetch outside 404 priority),
Página alternativa con etiqueta canónica adecuada,https://regalospremium.cl/bolsos-y-mochilas-publicitarios/?order=product.position.asc&page=4,2026-05-03,https___regalospremium.cl_-Coverage-Drilldown-2026-10-03(2).zip,NOT_FETCHED_CLASS_AUDIT,,,no,,,,,,,,,,NOT_QUERIED_CLASS_AUDIT,NOT_QUERIED_CLASS_AUDIT,PASS,conservar canonical declarada; no indexar variante,GSC master export; classification by URL pattern only (no per-URL live fetch outside 404 priority),
Página alternativa con etiqueta canónica adecuada,https://regalospremium.cl/bolsos-y-mochilas-publicitarios/?order=product.position.asc&page=2,2026-05-03,https___regalospremium.cl_-Coverage-Drilldown-2026-10-03(2).zip,NOT_FETCHED_CLASS_AUDIT,,,no,,,,,,,,,,NOT_QUERIED_CLASS_AUDIT,NOT_QUERIED_CLASS_AUDIT,PASS,conservar canonical declarada; no indexar variante,GSC master export; classification by URL pattern only (no per-URL live fetch outside 404 priority),
Página alternativa con etiqueta canónica adecuada,https://regalospremium.cl/publicitarios-ecofriendly/?order=product.name.asc&page=2,2026-05-03,https___regalospremium.cl_-Coverage-Drilldown-2026-10-03(2).zip,NOT_FETCHED_CLASS_AUDIT,,,no,,,,,,,,,,NOT_QUERIED_CLASS_AUDIT,NOT_QUERIED_CLASS_AUDIT,PASS,conservar canonical declarada; no indexar variante,GSC master export; classification by URL pattern only (no per-URL live fetch outside 404 priority),
Página alternativa con etiqueta canónica adecuada,https://regalospremium.cl/publicitarios-para-tiempo-libre/?order=product.position.asc,2026-05-02,https___regalospremium.cl_-Coverage-Drilldown-2026-10-03(2).zip,NOT_FETCHED_CLASS_AUDIT,,,no,,,,,,,,,,NOT_QUERIED_CLASS_AUDIT,NOT_QUERIED_CLASS_AUDIT,PASS,conservar canonical declarada; no indexar variante,GSC master export; classification by URL pattern only (no per-URL live fetch outside 404 priority),
Página alternativa con etiqueta canónica adecuada,https://regalospremium.cl/publicitarios-para-tiempo-libre/?order=product.name.asc,2026-05-02,https___regalospremium.cl_-Coverage-Drilldown-2026-10-03(2).zip,NOT_FETCHED_CLASS_AUDIT,,,no,,,,,,,,,,NOT_QUERIED_CLASS_AUDIT,NOT_QUERIED_CLASS_AUDIT,PASS,conservar canonical declarada; no indexar variante,GSC master export; classification by URL pattern only (no per-URL live fetch outside 404 priority),
Página alternativa con etiqueta canónica adecuada,https://regalospremium.cl/publicitarios-para-tiempo-libre/?order=product.name.desc,2026-05-02,https___regalospremium.cl_-Coverage-Drilldown-2026-10-03(2).zip,NOT_FETCHED_CLASS_AUDIT,,,no,,,,,,,,,,NOT_QUERIED_CLASS_AUDIT,NOT_QUERIED_CLASS_AUDIT,PASS,conservar canonical declarada; no indexar variante,GSC master export; classification by URL pattern only (no per-URL live fetch outside 404 priority),
Página alternativa con etiqueta canónica adecuada,https://regalospremium.cl/regalos-publicitarios-novedosos/?order=product.name.asc,2026-04-29,https___regalospremium.cl_-Coverage-Drilldown-2026-10-03(2).zip,NOT_FETCHED_CLASS_AUDIT,,,no,,,,,,,,,,NOT_QUERIED_CLASS_AUDIT,NOT_QUERIED_CLASS_AUDIT,PASS,conservar canonical declarada; no indexar variante,GSC master export; classification by URL pattern only (no per-URL live fetch outside 404 priority),
Duplicada: Google ha elegido una versión canónica diferente a la del usuario,https://regalospremium.cl/botellas-metalicas-publicitarias/mug-termico-giant-1200cc-con-bombilla.html,2026-09-10,https___regalospremium.cl_-Coverage-Drilldown-2026-10-03(3).zip,200,200 https://regalospremium.cl/botellas-metalicas-publicitarias/mug-termico-giant-1200cc-con-bombilla.html,https://regalospremium.cl/botellas-metalicas-publicitarias/mug-termico-giant-1200cc-con-bombilla.html,yes,,https://regalospremium.cl/botellas-metalicas-publicitarias/mug-termico-giant-1200cc-con-bombilla.html,,false,,,,,,NOT_QUERIED_CLASS_AUDIT,NOT_QUERIED_CLASS_AUDIT,PENDING,revisar canonical declarada vs Google y señales internas,GSC master export; individual HTTP GET for singleton exception,
"Excluida por una etiqueta ""noindex""",https://regalospremium.cl/content/politica-de-privacidad,2025-11-15,https___regalospremium.cl_-Coverage-Drilldown-2026-10-03(4).zip,200,200 https://regalospremium.cl/content/politica-de-privacidad,https://regalospremium.cl/content/politica-de-privacidad,no,,,,true,,,,,,NOT_QUERIED_CLASS_AUDIT,NOT_QUERIED_CLASS_AUDIT,PASS,conservar noindex deliberado,GSC master export; individual HTTP GET for singleton exception,
No se ha encontrado (404),https://regalospremium.cl/bolsos-y-mochilas-publicitarios/mochila-picnic.html,2026-09-19,https___regalospremium.cl_-Coverage-Drilldown-2026-10-03.zip,404,301 https://regalospremium.cl/bolsos-y-mochilas-publicitarios/mochila-picnic.html -> 404 https://regalospremium.cl/greda/mochila-picnic.html,https://regalospremium.cl/greda/mochila-picnic.html,no,,,,false,product link_rewrite exact,1022,K4,0,0,NOT_QUERIED_SERVICE_ACCOUNT_UNAVAILABLE,NOT_QUERIED_SERVICE_ACCOUNT_UNAVAILABLE,RISK,candidata a baja; conservar 404 y retirar de sitemap si apareciera; revisión humana,HTTP GET live; sitemap GET; PrestaShop Webservice GET; GSC export last crawl,
No se ha encontrado (404),https://regalospremium.cl/publicitarios-belleza-y-salud/deluxe-billetera-de-cuero-color-cafe-.html,2026-09-18,https___regalospremium.cl_-Coverage-Drilldown-2026-10-03.zip,404,404 https://regalospremium.cl/publicitarios-belleza-y-salud/deluxe-billetera-de-cuero-color-cafe-.html,https://regalospremium.cl/publicitarios-belleza-y-salud/deluxe-billetera-de-cuero-color-cafe-.html,no,,,https://regalospremium.cl/publicitarios-belleza-y-salud/,false,category link_rewrite exact,category:45,,1,,NOT_QUERIED_SERVICE_ACCOUNT_UNAVAILABLE,NOT_QUERIED_SERVICE_ACCOUNT_UNAVAILABLE,PENDING,301 candidata hacia categoría activa https://regalospremium.cl/publicitarios-belleza-y-salud/ sólo tras validar equivalencia semántica,HTTP GET live; sitemap GET; PrestaShop Webservice GET; GSC export last crawl,
No se ha encontrado (404),https://regalospremium.cl/bolsas-publicitarias-con-logotipo/bolsa-algodon-manijas-colores-reutilizable.html,2026-09-01,https___regalospremium.cl_-Coverage-Drilldown-2026-10-03.zip,404,404 https://regalospremium.cl/bolsas-publicitarias-con-logotipo/bolsa-algodon-manijas-colores-reutilizable.html,https://regalospremium.cl/bolsas-publicitarias-con-logotipo/bolsa-algodon-manijas-colores-reutilizable.html,no,,,https://regalospremium.cl/bolsas-publicitarias-con-logotipo/,false,category link_rewrite exact,category:15,,1,,NOT_QUERIED_SERVICE_ACCOUNT_UNAVAILABLE,NOT_QUERIED_SERVICE_ACCOUNT_UNAVAILABLE,PENDING,301 candidata hacia categoría activa https://regalospremium.cl/bolsas-publicitarias-con-logotipo/ sólo tras validar equivalencia semántica,HTTP GET live; sitemap GET; PrestaShop Webservice GET; GSC export last crawl,
No se ha encontrado (404),https://regalospremium.cl/regalos-publicitarios-para-viajes-y-vacaciones/mesa-plegable-de-picnic.html,2026-08-24,https___regalospremium.cl_-Coverage-Drilldown-2026-10-03.zip,404,404 https://regalospremium.cl/regalos-publicitarios-para-viajes-y-vacaciones/mesa-plegable-de-picnic.html,https://regalospremium.cl/regalos-publicitarios-para-viajes-y-vacaciones/mesa-plegable-de-picnic.html,no,,,https://regalospremium.cl/regalos-publicitarios-para-viajes-y-vacaciones/,false,category link_rewrite exact,category:80,,1,,NOT_QUERIED_SERVICE_ACCOUNT_UNAVAILABLE,NOT_QUERIED_SERVICE_ACCOUNT_UNAVAILABLE,PENDING,301 candidata hacia categoría activa https://regalospremium.cl/regalos-publicitarios-para-viajes-y-vacaciones/ sólo tras validar equivalencia semántica,HTTP GET live; sitemap GET; PrestaShop Webservice GET; GSC export last crawl,
No se ha encontrado (404),https://regalospremium.cl/publicitarios-bamboo/set-escritura-bambu-boligrafo-portaminas-deluxe.html,2026-08-22,https___regalospremium.cl_-Coverage-Drilldown-2026-10-03.zip,404,301 https://regalospremium.cl/publicitarios-bamboo/set-escritura-bambu-boligrafo-portaminas-deluxe.html -> 404 https://regalospremium.cl/regalos-corporativos-bambu/set-escritura-bambu-boligrafo-portaminas-deluxe.html,https://regalospremium.cl/regalos-corporativos-bambu/set-escritura-bambu-boligrafo-portaminas-deluxe.html,no,"{""old_url"": ""https://regalospremium.cl/publicitarios-bamboo/*"", ""new_url"": ""https://regalospremium.cl/regalos-corporativos-bambu/*"", ""http_code"": ""301"", ""status"": ""APPLIED"", ""effective_date"": ""2026-09-30"", ""reason"": ""Consolidación del subárbol Bamboo""}",,,false,none,,,,,NOT_QUERIED_SERVICE_ACCOUNT_UNAVAILABLE,NOT_QUERIED_SERVICE_ACCOUNT_UNAVAILABLE,PENDING,corregir destino de regla 301 APPLIED; la cadena actual termina en 404,HTTP GET live; sitemap GET; PrestaShop Webservice GET; GSC export last crawl,
No se ha encontrado (404),https://regalospremium.cl/merchandising-masivo/,2026-08-21,https___regalospremium.cl_-Coverage-Drilldown-2026-10-03.zip,404,404 https://regalospremium.cl/merchandising-masivo/,https://regalospremium.cl/merchandising-masivo/,no,,https://regalospremium.cl/merchandising-masivo/,https://regalospremium.cl/merchandising-masivo/,false,category link_rewrite exact,category:124,,0,,NOT_QUERIED_SERVICE_ACCOUNT_UNAVAILABLE,NOT_QUERIED_SERVICE_ACCOUNT_UNAVAILABLE,RISK,candidata a baja; conservar 404 y retirar de sitemap si apareciera; revisión humana,HTTP GET live; sitemap GET; PrestaShop Webservice GET; GSC export last crawl,
No se ha encontrado (404),https://regalospremium.cl/bolsos-y-mochilas-publicitarios/mochila-netech.html,2026-08-17,https___regalospremium.cl_-Coverage-Drilldown-2026-10-03.zip,404,301 https://regalospremium.cl/bolsos-y-mochilas-publicitarios/mochila-netech.html -> 404 https://regalospremium.cl/greda/mochila-netech.html,https://regalospremium.cl/greda/mochila-netech.html,no,,,,false,product link_rewrite exact,1020,K7,0,0,NOT_QUERIED_SERVICE_ACCOUNT_UNAVAILABLE,NOT_QUERIED_SERVICE_ACCOUNT_UNAVAILABLE,RISK,candidata a baja; conservar 404 y retirar de sitemap si apareciera; revisión humana,HTTP GET live; sitemap GET; PrestaShop Webservice GET; GSC export last crawl,
No se ha encontrado (404),https://regalospremium.cl/boligrafos-metalicos-y-ejecutivos/boligrafo-negro-cobre-tinta-azul.html,2026-08-14,https___regalospremium.cl_-Coverage-Drilldown-2026-10-03.zip,404,404 https://regalospremium.cl/boligrafos-metalicos-y-ejecutivos/boligrafo-negro-cobre-tinta-azul.html,https://regalospremium.cl/boligrafos-metalicos-y-ejecutivos/boligrafo-negro-cobre-tinta-azul.html,no,,,,false,none,,,,,NOT_QUERIED_SERVICE_ACCOUNT_UNAVAILABLE,NOT_QUERIED_SERVICE_ACCOUNT_UNAVAILABLE,RISK,candidata a baja; conservar 404 y retirar de sitemap si apareciera; revisión humana,HTTP GET live; sitemap GET; PrestaShop Webservice GET; GSC export last crawl,
No se ha encontrado (404),https://regalospremium.cl/regalos-publicitarios-para-invierno/,2026-06-06,https___regalospremium.cl_-Coverage-Drilldown-2026-10-03.zip,200,200 https://regalospremium.cl/regalos-publicitarios-para-invierno/,https://regalospremium.cl/regalos-publicitarios-para-invierno/,yes,,https://regalospremium.cl/regalos-publicitarios-para-invierno/,https://regalospremium.cl/regalos-publicitarios-para-invierno/,false,category link_rewrite exact,category:53,,1,,NOT_QUERIED_SERVICE_ACCOUNT_UNAVAILABLE,NOT_QUERIED_SERVICE_ACCOUNT_UNAVAILABLE,PASS,conservar; canonical actual coincide,HTTP GET live; sitemap GET; PrestaShop Webservice GET; GSC export last crawl,
No se ha encontrado (404),https://regalospremium.cl/publicitarios-ecofriendly/llavero-linterna-led-dinamo.html,2026-06-06,https___regalospremium.cl_-Coverage-Drilldown-2026-10-03.zip,404,404 https://regalospremium.cl/publicitarios-ecofriendly/llavero-linterna-led-dinamo.html,https://regalospremium.cl/publicitarios-ecofriendly/llavero-linterna-led-dinamo.html,no,,,,false,none,,,,,NOT_QUERIED_SERVICE_ACCOUNT_UNAVAILABLE,NOT_QUERIED_SERVICE_ACCOUNT_UNAVAILABLE,RISK,candidata a baja; conservar 404 y retirar de sitemap si apareciera; revisión humana,HTTP GET live; sitemap GET; PrestaShop Webservice GET; GSC export last crawl,
No se ha encontrado (404),https://regalospremium.cl/publicitarios-bamboo/pendrive-4gb-de-bamboo.html,2026-05-13,https___regalospremium.cl_-Coverage-Drilldown-2026-10-03.zip,404,301 https://regalospremium.cl/publicitarios-bamboo/pendrive-4gb-de-bamboo.html -> 301 https://regalospremium.cl/regalos-corporativos-bambu/pendrive-4gb-de-bamboo.html -> 404 https://regalospremium.cl/greda/pendrive-4gb-de-bamboo.html,https://regalospremium.cl/greda/pendrive-4gb-de-bamboo.html,no,"{""old_url"": ""https://regalospremium.cl/publicitarios-bamboo/*"", ""new_url"": ""https://regalospremium.cl/regalos-corporativos-bambu/*"", ""http_code"": ""301"", ""status"": ""APPLIED"", ""effective_date"": ""2026-09-30"", ""reason"": ""Consolidación del subárbol Bamboo""}",,,false,product link_rewrite exact,70,B58,0,0,NOT_QUERIED_SERVICE_ACCOUNT_UNAVAILABLE,NOT_QUERIED_SERVICE_ACCOUNT_UNAVAILABLE,PENDING,corregir destino de regla 301 APPLIED; la cadena actual termina en 404,HTTP GET live; sitemap GET; PrestaShop Webservice GET; GSC export last crawl,
