macroarea,familia,owner_url,status,rule
Bolsos y Viaje,Accesorios de Viaje,https://regalospremium.cl/regalos-publicitarios/,ACTIVE,"campaña, difusión o alto volumen"
Bolsos y Viaje,Bananos,https://regalospremium.cl/regalos-publicitarios/,ACTIVE,"campaña, difusión o alto volumen"
Bolsos y Viaje,Billeteras y Portadocumentos,https://regalospremium.cl/regalos-corporativos/,ACTIVE,"relacionamiento, equipamiento o reconocimiento"
Bolsos y Viaje,Bolsas,https://regalospremium.cl/regalos-publicitarios/,ACTIVE,"campaña, difusión o alto volumen"
Bolsos y Viaje,Bolsos,https://regalospremium.cl/regalos-corporativos/,ACTIVE,"relacionamiento, equipamiento o reconocimiento"
Bolsos y Viaje,Bolsos de Viaje,https://regalospremium.cl/regalos-corporativos/,ACTIVE,"relacionamiento, equipamiento o reconocimiento"
Bolsos y Viaje,Coolers,https://regalospremium.cl/regalos-publicitarios/,ACTIVE,"campaña, difusión o alto volumen"
Bolsos y Viaje,Maletines y Fundas,https://regalospremium.cl/regalos-corporativos/,ACTIVE,"relacionamiento, equipamiento o reconocimiento"
Bolsos y Viaje,Mochilas,https://regalospremium.cl/regalos-publicitarios/,ACTIVE,"campaña, difusión o alto volumen"
Herramientas y Outdoor,Accesorios de Automóvil,https://regalospremium.cl/regalos-publicitarios/,ACTIVE,"campaña, difusión o alto volumen"
Herramientas y Outdoor,Artículos Deportivos,https://regalospremium.cl/regalos-publicitarios/,ACTIVE,"campaña, difusión o alto volumen"
Herramientas y Outdoor,Herramientas,https://regalospremium.cl/regalos-publicitarios/,ACTIVE,"campaña, difusión o alto volumen"
Hogar y Bebidas,Accesorios de Vino,https://regalospremium.cl/regalos-corporativos/,ACTIVE,"relacionamiento, equipamiento o reconocimiento"
Hogar y Bebidas,Botellas,https://regalospremium.cl/regalos-publicitarios/,ACTIVE,"campaña, difusión o alto volumen"
Hogar y Bebidas,Cuidado Personal,https://regalospremium.cl/regalos-publicitarios/,ACTIVE,"campaña, difusión o alto volumen"
Hogar y Bebidas,Difusores y Aromatizadores,https://regalospremium.cl/regalos-corporativos/,ACTIVE,"relacionamiento, equipamiento o reconocimiento"
Hogar y Bebidas,Hogar y Cocina,https://regalospremium.cl/regalos-corporativos/,ACTIVE,"relacionamiento, equipamiento o reconocimiento"
Hogar y Bebidas,Mugs y Tazas,https://regalospremium.cl/regalos-publicitarios/,ACTIVE,"campaña, difusión o alto volumen"
Hogar y Bebidas,Termos,https://regalospremium.cl/regalos-publicitarios/,ACTIVE,"campaña, difusión o alto volumen"
Oficina y Escritura,Carpetas y Portafolios,https://regalospremium.cl/regalos-corporativos/,ACTIVE,"relacionamiento, equipamiento o reconocimiento"
Oficina y Escritura,Libretas y Cuadernos,https://regalospremium.cl/regalos-corporativos/,ACTIVE,"relacionamiento, equipamiento o reconocimiento"
Oficina y Escritura,Lápices y Bolígrafos,https://regalospremium.cl/regalos-publicitarios/,ACTIVE,"campaña, difusión o alto volumen"
Oficina y Escritura,Oficina,https://regalospremium.cl/regalos-corporativos/,ACTIVE,"relacionamiento, equipamiento o reconocimiento"
Packaging,Packaging,https://regalospremium.cl/regalos-corporativos/,ACTIVE,"relacionamiento, equipamiento o reconocimiento"
Premios y Reconocimientos,"Medallas, Trofeos y Galvanos",https://regalospremium.cl/regalos-corporativos/,ACTIVE,"relacionamiento, equipamiento o reconocimiento"
Promocionales,Abanicos,https://regalospremium.cl/regalos-publicitarios/,ACTIVE,"campaña, difusión o alto volumen"
Promocionales,Antiestrés,https://regalospremium.cl/regalos-publicitarios/,ACTIVE,"campaña, difusión o alto volumen"
Promocionales,Imanes,https://regalospremium.cl/regalos-publicitarios/,ACTIVE,"campaña, difusión o alto volumen"
Promocionales,Juegos,https://regalospremium.cl/regalos-publicitarios/,ACTIVE,"campaña, difusión o alto volumen"
Promocionales,Lanyards,https://regalospremium.cl/regalos-publicitarios/,ACTIVE,"campaña, difusión o alto volumen"
Promocionales,Llaveros,https://regalospremium.cl/regalos-publicitarios/,ACTIVE,"campaña, difusión o alto volumen"
Promocionales,Paraguas,https://regalospremium.cl/regalos-publicitarios/,ACTIVE,"campaña, difusión o alto volumen"
Promocionales,Pelotas,https://regalospremium.cl/regalos-publicitarios/,ACTIVE,"campaña, difusión o alto volumen"
Sets de Regalo,Sets de Regalo,https://regalospremium.cl/regalos-corporativos/,ACTIVE,"relacionamiento, equipamiento o reconocimiento"
Tecnología,Audífonos y Auriculares,https://regalospremium.cl/regalos-corporativos/,ACTIVE,"relacionamiento, equipamiento o reconocimiento"
Tecnología,Cables y Adaptadores,https://regalospremium.cl/regalos-corporativos/,ACTIVE,"relacionamiento, equipamiento o reconocimiento"
Tecnología,Cargadores,https://regalospremium.cl/regalos-corporativos/,ACTIVE,"relacionamiento, equipamiento o reconocimiento"
Tecnología,Linternas,https://regalospremium.cl/regalos-publicitarios/,ACTIVE,"campaña, difusión o alto volumen"
Tecnología,Mouse y Teclados,https://regalospremium.cl/regalos-corporativos/,ACTIVE,"relacionamiento, equipamiento o reconocimiento"
Tecnología,Parlantes,https://regalospremium.cl/regalos-corporativos/,ACTIVE,"relacionamiento, equipamiento o reconocimiento"
Tecnología,Pendrives,https://regalospremium.cl/regalos-corporativos/,ACTIVE,"relacionamiento, equipamiento o reconocimiento"
Tecnología,Power Banks,https://regalospremium.cl/regalos-corporativos/,ACTIVE,"relacionamiento, equipamiento o reconocimiento"
Tecnología,Relojes,https://regalospremium.cl/regalos-corporativos/,ACTIVE,"relacionamiento, equipamiento o reconocimiento"
Tecnología,Soportes para Dispositivos,https://regalospremium.cl/regalos-corporativos/,ACTIVE,"relacionamiento, equipamiento o reconocimiento"
Textil,Chaquetas y Polar,https://regalospremium.cl/regalos-corporativos/,ACTIVE,"relacionamiento, equipamiento o reconocimiento"
Textil,Delantales,https://regalospremium.cl/regalos-publicitarios/,ACTIVE,"campaña, difusión o alto volumen"
Textil,Gorras y Sombreros,https://regalospremium.cl/regalos-publicitarios/,ACTIVE,"campaña, difusión o alto volumen"
Textil,Poleras,https://regalospremium.cl/regalos-publicitarios/,ACTIVE,"campaña, difusión o alto volumen"
Textil,Toallas y Textil Hogar,https://regalospremium.cl/regalos-publicitarios/,ACTIVE,"campaña, difusión o alto volumen"
