query,owner_url,priority,status,effective_date
regalos corporativos,https://regalospremium.cl/regalos-corporativos/,P0,ACTIVE,2026-10-04
regalos para empresas,https://regalospremium.cl/regalos-corporativos/,P1,ACTIVE,2026-10-04
regalos corporativos por mayor,https://regalospremium.cl/regalos-corporativos/,P1,ACTIVE,2026-10-04
regalos corporativos premium,https://regalospremium.cl/regalos-corporativos/,P1,ACTIVE,2026-10-04
regalos corporativos chile,https://regalospremium.cl/regalos-corporativos/,P1,ACTIVE,2026-10-04
regalos corporativos personalizados,https://regalospremium.cl/regalos-corporativos/,P1,ACTIVE,2026-10-04
productos corporativos personalizados,https://regalospremium.cl/regalos-corporativos/,P1,ACTIVE,2026-10-04
regalos empresariales chile,https://regalospremium.cl/regalos-corporativos/,P2,ACTIVE,2026-10-04
regalos publicitarios,https://regalospremium.cl/regalos-publicitarios/,P0,ACTIVE,2026-10-04
regalos publicitarios por mayor,https://regalospremium.cl/regalos-publicitarios/,P1,ACTIVE,2026-10-04
merchandising corporativo,https://regalospremium.cl/regalos-publicitarios/,P1,ACTIVE,2026-10-04
regalos publicitarios chile,https://regalospremium.cl/regalos-publicitarios/,P2,ACTIVE,2026-10-04
merchandising empresarial,https://regalospremium.cl/regalos-publicitarios/,P1,ACTIVE,2026-10-04
merchandising para empresas,https://regalospremium.cl/regalos-publicitarios/,P1,ACTIVE,2026-10-04
artículos promocionales para empresas,https://regalospremium.cl/regalos-publicitarios/,P1,ACTIVE,2026-10-04
productos promocionales para empresas,https://regalospremium.cl/regalos-publicitarios/,P1,ACTIVE,2026-10-04
merchandising con logo,https://regalospremium.cl/regalos-publicitarios/,P1,ACTIVE,2026-10-04
