hub_category,hub_url,product_id,reference,familia,nombre,status
140,https://regalospremium.cl/regalos-corporativos/,1481,SET10,Libretas y Cuadernos,Set  de Oficina «ANDES»,ACTIVE
140,https://regalospremium.cl/regalos-corporativos/,1490,S47,Carpetas y Portafolios,Set de Regalo «DARTH»,ACTIVE
140,https://regalospremium.cl/regalos-corporativos/,1467,S03,Carpetas y Portafolios,"Set ejecutivo \""ESTANDAR\""",ACTIVE
140,https://regalospremium.cl/regalos-corporativos/,1459,N141,Libretas y Cuadernos,Memo Set Ecológico BOX,ACTIVE
140,https://regalospremium.cl/regalos-corporativos/,1398,EC786,Power Banks,Power Bank BATEL,ACTIVE
140,https://regalospremium.cl/regalos-corporativos/,1486,DRK03,Botellas,Botella Térmica «NORDICA»,ACTIVE
140,https://regalospremium.cl/regalos-corporativos/,1213,D23,Maletines y Fundas,"Maletín ejecutivo porta-notebook de Eco-cuero \""BRONSON\""",ACTIVE
140,https://regalospremium.cl/regalos-corporativos/,1491,T615,Mugs y Tazas,Set de Mate «CÓRDOBA»,ACTIVE
140,https://regalospremium.cl/regalos-corporativos/,1483,M94,Mugs y Tazas,Tazón Térmico Encobrizado «VETA»,ACTIVE
140,https://regalospremium.cl/regalos-corporativos/,1469,S41,Lápices y Bolígrafos,Set de Escritura «CASPIO»,ACTIVE
140,https://regalospremium.cl/regalos-corporativos/,1212,B74,Mochilas,"Porta-Documentos y Celular de Eco-cuero \""TREVOR\""",ACTIVE
140,https://regalospremium.cl/regalos-corporativos/,1502,S43,Sets de Regalo,"Set Ecológico Bamboo \""VIVA\""",ACTIVE
141,https://regalospremium.cl/regalos-publicitarios/,1292,C585,Bolsas,"Bolsa de algodón \""COTI FORT\""",ACTIVE
141,https://regalospremium.cl/regalos-publicitarios/,1377,G42,Coolers,"Bolso cooler ICELAND de RPET con interior térmico 8,5L",ACTIVE
141,https://regalospremium.cl/regalos-publicitarios/,1431,BP322,Lápices y Bolígrafos,Bolígrafo Metálico KIM,ACTIVE
141,https://regalospremium.cl/regalos-publicitarios/,1476,U24,Pendrives,Pendrive USB 2.0 «BOT» 32 GB,ACTIVE
141,https://regalospremium.cl/regalos-publicitarios/,1300,D25,Mochilas,"Mini-Mochila Cruzada \""TRANSIT\"" 2L",ACTIVE
141,https://regalospremium.cl/regalos-publicitarios/,1400,T805,Antiestrés,Pelota Antiestres Promocional,ACTIVE
141,https://regalospremium.cl/regalos-publicitarios/,1329,A9,Lanyards,Pulsera plástica de PVC,ACTIVE
141,https://regalospremium.cl/regalos-publicitarios/,558,A14,Lanyards,Porta Credencial con Colgador,ACTIVE
141,https://regalospremium.cl/regalos-publicitarios/,1457,K61,Llaveros,Llavero en cobre BLACK,ACTIVE
141,https://regalospremium.cl/regalos-publicitarios/,1287,EC748,Cargadores,CARGADOR ¨KINGWI¨,ACTIVE
141,https://regalospremium.cl/regalos-publicitarios/,1487,K70,Llaveros,Llavero Encobrizado «CUPRA»,ACTIVE
141,https://regalospremium.cl/regalos-publicitarios/,1495,B69,Lápices y Bolígrafos,Bolígrafo Ecológico ELEMENT,ACTIVE
