product_id,reference,nombre,slug,canonical_url
65,B49,Estuche Porta Lápiz de Bamboo,estuche-bambu-para-boligrafo,https://regalospremium.cl/regalos-corporativos-bambu/estuche-bambu-para-boligrafo.html
80,B80,Tarjetero de Bamboo,tarjetero-de-bamboo-b80,https://regalospremium.cl/tarjetero-de-bamboo-b80.html
95,L19,Bolígrafo de Madera,boligrafo-ejecutivo-madera-deluxe-waltz,https://regalospremium.cl/boligrafos-y-lapices-eco-publicitarios/boligrafo-ejecutivo-madera-deluxe-waltz.html
110,L118,Deluxe Lápiz Grafito Negro,lapiz-grafito-deluxe-madera-natural,https://regalospremium.cl/boligrafos-y-lapices-eco-publicitarios/lapiz-grafito-deluxe-madera-natural.html
128,E76,Bolsa Canvas Algodón SUSTENTA,bolsa-canvas-algodon-grande-340g-reutilizable,https://regalospremium.cl/bolsas-de-algodon-publicitarias/bolsa-canvas-algodon-grande-340g-reutilizable.html
151,E8,Mochila tipo Morral de TNT,morral-tnt-bolsas-publicitarias-polipropileno,https://regalospremium.cl/bolsas-de-tnt-publicitarias/morral-tnt-bolsas-publicitarias-polipropileno.html
231,C39,Audífonos Alámbricos «ROCK» Alta Fidelidad,audifonos-alambricos-rock-alta-fidelidad,https://regalospremium.cl/audio-publicitario/audifonos-alambricos-rock-alta-fidelidad.html
262,D39,Porta-Tablet «VERSA»,porta-tablet-versa-11-pulgadas,https://regalospremium.cl/promocionales-para-celular/porta-tablet-versa-11-pulgadas.html
293,M3,Mug Térmico Plástico 450cc,mug-termico-plastico-400cc,https://regalospremium.cl/mugs-ceramica-plastico-publicitarios/mug-termico-plastico-400cc.html
332,Y18,Termo de Sublimación 800,termo-sublimacion-800-acero-inoxidable,https://regalospremium.cl/botellas-metalicas-publicitarias/termo-sublimacion-800-acero-inoxidable.html
333,Y19,Tazón Alto Sublimación 296cc,taza-cafe-sublimacion-160cc-orca-coatings,https://regalospremium.cl/mugs-metalicos-publicitarios/taza-cafe-sublimacion-160cc-orca-coatings.html
334,Y27,Taza de Café Sublimación,taza-cafe-sublimacion-160cc-orca-coatings,https://regalospremium.cl/mugs-metalicos-publicitarios/taza-cafe-sublimacion-160cc-orca-coatings.html
362,N49,Cuaderno A5 Termo-PU con Cierre Magnético,cuaderno-a5-deluxe-cierre-magnetico,https://regalospremium.cl/cuaderno-a5-deluxe-cierre-magnetico.html
407,H1,Estrella Anti Stress,estrella-anti-stress-relax,https://regalospremium.cl/publicitarios-belleza-y-salud/estrella-anti-stress-relax.html
427,K11,Llavero Elegante de Metal y Eco-Cuero,llavero-elegante-de-metal-y-eco-cuero,https://regalospremium.cl/llaveros-cuero/llavero-elegante-de-metal-y-eco-cuero.html
436,H11,Delantal de BBQ con 3 Herramientas,delantal-bbq-pampa-3-herramientas,https://regalospremium.cl/herramientas-y-asado/delantal-bbq-pampa-3-herramientas.html
499,K1,Llavero LED de Bolsillo,llavero-led-de-bolsillo,https://regalospremium.cl/llaveros-promocionales/llavero-led-de-bolsillo.html
500,K7,Llavero Náutico Anti Stress,llavero-anti-stress-ovalado,https://regalospremium.cl/llaveros-promocionales/llavero-anti-stress-ovalado.html
579,G33,Cooler Gigante «ANTARTIC»,cooler-gigante-antartic-28-litros,https://regalospremium.cl/coolers-publicitarios/cooler-gigante-antartic-28-litros.html
604,D29,Mochila Morral,mochila-morral-bicolor-cordon-tnt-polipropileno,https://regalospremium.cl/mochilas/mochila-morral-bicolor-cordon-tnt-polipropileno.html
728,G23,Gorro LED «CHILOÉ»,gorro-led-chiloe-recargable-usb,https://regalospremium.cl/comprar-gorros-y-jockeys-publicitarios/gorro-led-chiloe-recargable-usb.html
896,T130,Llavero Metálico con Abrebotellas,llavero-destapador-metalico-publicitario,https://regalospremium.cl/llaveros-metalicos/llavero-destapador-metalico-publicitario.html
918,BP301-TA,Bolígrafo «COPPERFIELD I»,boligrafo-copperfield-soft-touch-cobre,https://regalospremium.cl/boligrafos-metalicos-y-ejecutivos-publicitarios/boligrafo-copperfield-soft-touch-cobre.html
1063,X4,Tazón Cervecero de Vidrio para Sublimación,tazon-cervecero-de-vidrio-para-sublimacion,https://regalospremium.cl/mugs-ceramica-plastico-publicitarios/tazon-cervecero-de-vidrio-para-sublimacion.html
1071,M46,Tazón Enlozado Negro,tazon-enlozado-negro-m46,https://regalospremium.cl/tazon-enlozado-negro-m46.html
1174,T632,Botella Térmica Montana,botella-termica-montana-t632,https://regalospremium.cl/botella-termica-montana-t632.html
1210,B19,"Necessaire de Viaje \""RUTA\""",necessaire-viaje-ruta,https://regalospremium.cl/coolers-publicitarios/necessaire-viaje-ruta.html
1277,C571,"Mochila \""GAMA\""",mochila-urbana-bitono-poliester-corporativa,https://regalospremium.cl/mochilas/mochila-urbana-bitono-poliester-corporativa.html
1292,C585,"Bolsa de algodón \""COTI FORT\""",bolsa-de-algodon-reutilizable-fuelle-personalizada,https://regalospremium.cl/bolsas-de-algodon-publicitarias/bolsa-de-algodon-reutilizable-fuelle-personalizada.html
1362,B47,Set de Escritura de Bamboo,set-de-escritura-de-bamboo,https://regalospremium.cl/regalos-corporativos-bambu/set-de-escritura-de-bamboo.html
1382,M89,"Set termico  Cobre \""Radomiro\""",set-termico-cobre-radomiro,https://regalospremium.cl/botellas-metalicas-publicitarias/set-termico-cobre-radomiro.html
1398,EC786,Power Bank BATEL,power-bank-corporativo-aluminio-reciclado-batel,https://regalospremium.cl/power-bank-y-accesorios/power-bank-corporativo-aluminio-reciclado-batel.html
1407,T809,"Botella térmica \""ULTRA\""",botella-termica-acero-inoxidable-500ml-corporativa,https://regalospremium.cl/botellas-metalicas-publicitarias/botella-termica-acero-inoxidable-500ml-corporativa.html
1432,T739,"Taza con Cierre \""MIKA\""",mugs-botellas-termos-taza-con-cierre-mika,https://regalospremium.cl/mugs-botellas-termos-taza-con-cierre-mika.html
1440,T607,"BOTELLA \""LAGUNA\""",botella-vidrio-frost-500ml-personalizada-laguna,https://regalospremium.cl/botellas-metalicas-publicitarias/botella-vidrio-frost-500ml-personalizada-laguna.html
1457,K61,Llavero en cobre BLACK,llavero-en-cobre-black,https://regalospremium.cl/llaveros-metalicos/llavero-en-cobre-black.html
1458,M96,"Tazón  Encobrizado \""ANDINO\""",tazon-encobrizado-andino,https://regalospremium.cl/mugs-metalicos-publicitarios/tazon-encobrizado-andino.html
1459,N141,Memo Set Ecológico BOX,memo-set-ecologico-box,https://regalospremium.cl/cuadernos-libretas-memo-set-publicitarios/memo-set-ecologico-box.html
1462,T499,"SET DE VASOS DE VIDRIO \""OVAL\""",set-de-vasos-de-vidrio-oval,https://regalospremium.cl/hogar-gourmet-sommelier/set-de-vasos-de-vidrio-oval.html
1464,T776,"Mug térmico \""400\""",mug-termico-400,https://regalospremium.cl/mugs-metalicos-publicitarios/mug-termico-400.html
1465,T742,"Linterna con set de herramientas \""DO-IT\""",linterna-con-set-de-herramientas-do-it,https://regalospremium.cl/regalos-publicitarios-para-automovil/linterna-con-set-de-herramientas-do-it.html
1466,T814,"Set de viaje \""ESCALA\""",set-de-viaje-escala,https://regalospremium.cl/regalos-publicitarios-para-viajes-y-vacaciones/set-de-viaje-escala.html
1467,S03,"Set ejecutivo \""ESTANDAR\""",set-ejecutivo-estandar,https://regalospremium.cl/carpetas-y-portafolios-publicitarios/set-ejecutivo-estandar.html
1469,S41,Set de Escritura «CASPIO»,-set-de-escritura-caspio-,https://regalospremium.cl/boligrafos-metalicos-y-ejecutivos-publicitarios/-set-de-escritura-caspio-.html
1470,M67,Coctelera Metálica «DRINK»,coctelera-metalica-drink,https://regalospremium.cl/hogar-gourmet-sommelier/coctelera-metalica-drink.html
1471,M64,Copa Metálica «CALIZ»,copa-metalica-caliz,https://regalospremium.cl/hogar-gourmet-sommelier/copa-metalica-caliz.html
1472,M63,Tazón Metálico Encobrizado «COBRE»,tazon-metalico-encobrizado-cobre,https://regalospremium.cl/hogar-gourmet-sommelier/tazon-metalico-encobrizado-cobre.html
1473,U25,Mini Pendrive USB 2.0 «LOCK»,mini-pendrive-usb-20-lock-32gb-acero-inoxidable,https://regalospremium.cl/pendrive-publicitario/mini-pendrive-usb-20-lock-32gb-acero-inoxidable.html
1474,U21,Mini Pendrive USB 3.0 «GIRO»,mini-pendrive-usb-30-giro-16gb-acero-inoxidable,https://regalospremium.cl/pendrive-publicitario/mini-pendrive-usb-30-giro-16gb-acero-inoxidable.html
1476,U24,Pendrive USB 2.0 «BOT» 32 GB,pendrive-usb-20-bot-32gb-acero-inoxidable,https://regalospremium.cl/pendrive-publicitario/pendrive-usb-20-bot-32gb-acero-inoxidable.html
1481,SET10,Set  de Oficina «ANDES»,set-de-oficina-andes,https://regalospremium.cl/cuadernos-libretas-memo-set-publicitarios/set-de-oficina-andes.html
1483,M94,Tazón Térmico Encobrizado «VETA»,tazon-termico-encobrizado-veta-250cc,https://regalospremium.cl/mugs-metalicos-publicitarios/tazon-termico-encobrizado-veta-250cc.html
1484,M79,Botella Deportiva «MARATÓN»,botella-deportiva-maraton-600cc-aluminio,https://regalospremium.cl/botellas-metalicas-publicitarias/botella-deportiva-maraton-600cc-aluminio.html
1486,DRK03,Botella Térmica «NORDICA»,botella-termica-nordica-500ml-bambu-reciclado,https://regalospremium.cl/botellas-metalicas-publicitarias/botella-termica-nordica-500ml-bambu-reciclado.html
1487,K70,Llavero Encobrizado «CUPRA»,llavero-encobrizado-cupra,https://regalospremium.cl/llaveros-cuero/llavero-encobrizado-cupra.html
1488,U13,Pendrive OTG «COBREX» USB 3.0 / USB-C 64 GB,pendrive-otg-cobrex-usb30-usb-c-64gb,https://regalospremium.cl/pendrive-publicitario/pendrive-otg-cobrex-usb30-usb-c-64gb.html
1489,M71,Vaso Térmico con Bombilla,vaso-termico-bombilla-pampa-300cc,https://regalospremium.cl/mugs-metalicos-publicitarios/vaso-termico-bombilla-pampa-300cc.html
1490,S47,Set de Regalo «DARTH»,set-regalo-darth-termo-cuaderno-boligrafo,https://regalospremium.cl/carpetas-y-portafolios-publicitarios/set-regalo-darth-termo-cuaderno-boligrafo.html
1491,T615,Set de Mate «CÓRDOBA»,set-de-mate-cordoba,https://regalospremium.cl/mugs-metalicos-publicitarios/set-de-mate-cordoba.html
1492,T800,Trofeo CRECIMIENTO IV,trofeo-crecimiento-iv-vidrio-k9,https://regalospremium.cl/medallas-trofeos-galvanos-publicitarios/trofeo-crecimiento-iv-vidrio-k9.html
1495,B69,Bolígrafo Ecológico ELEMENT,boligrafo-ecologico-element-2-fibra-trigo,https://regalospremium.cl/boligrafos-y-lapices-eco-publicitarios/boligrafo-ecologico-element-2-fibra-trigo.html
1498,A64,Trofeo de Cristal TRIANGLE,trofeo-de-cristal-triangle,https://regalospremium.cl/medallas-trofeos-galvanos-publicitarios/trofeo-de-cristal-triangle.html
1499,B104,"Pastillero Semanal \""NO ME OLVIDES\""",pastillero-semanal-personalizado-empresas,https://regalospremium.cl/publicitarios-belleza-y-salud/pastillero-semanal-personalizado-empresas.html
1500,B107,"Pastillero Plástico 7 Días Personalizado \""FLOR\""",pastillero-plastico-7-dias-personalizado,https://regalospremium.cl/publicitarios-belleza-y-salud/pastillero-plastico-7-dias-personalizado.html
1502,S43,"Set Ecológico Bamboo \""VIVA\""",set-ecologico-bamboo-personalizado-viva,https://regalospremium.cl/productos-eco-friendly-publicitarios/set-ecologico-bamboo-personalizado-viva.html
1503,M171,Mug Express BLACK con Banda de Silicona,mug-express-black-silicona-356cc,https://regalospremium.cl/mug-express-black-silicona-356cc.html
1504,M170,Mug Express WHITE con Banda de Silicona,mug-express-white-silicona-356cc,https://regalospremium.cl/mug-express-white-silicona-356cc.html
1506,M172,Mug Eco WHEAT STRAW con Banda de Silicona,mug-eco-cup-wheat-straw-fibra-trigo,https://regalospremium.cl/mug-eco-cup-wheat-straw-fibra-trigo.html
