old_url,new_url,http_code,status,effective_date,reason
https://regalospremium.cl/publicitarios-bamboo/,https://regalospremium.cl/regalos-corporativos-bambu/,301,APPLIED,2026-09-30,Consolidación de categoría Bamboo
https://regalospremium.cl/publicitarios-bamboo/*,https://regalospremium.cl/regalos-corporativos-bambu/*,301,APPLIED,2026-09-30,Consolidación del subárbol Bamboo
https://regalospremium.cl/regalos-corporativos-bambu/set-de-escritura-de-bamboo.html,https://regalospremium.cl/regalos-corporativos-bambu/,301,QUARANTINE,2026-09-30,B47/ID1362 activo en datos pero 404 en frontend
https://regalospremium.cl/bolsos-y-mochilas-publicitarios/mochila-picnic.html,https://regalospremium.cl/mochilas/mochila-picnic-4-personas-accesorios-cooler.html,301,APPLIED,2026-10-03,GSC 404: reemplazo semántico activo
https://regalospremium.cl/publicitarios-belleza-y-salud/deluxe-billetera-de-cuero-color-cafe-.html,https://regalospremium.cl/billeteras-y-porta-documentos/billetera-deluxe-cuero-marron-broche.html,301,APPLIED,2026-10-03,GSC 404: sucesor semántico activo
https://regalospremium.cl/bolsas-publicitarias-con-logotipo/bolsa-algodon-manijas-colores-reutilizable.html,https://regalospremium.cl/bolsas-de-algodon-publicitarias/bolsa-algodon-asas-colores.html,301,APPLIED,2026-10-03,GSC 404: sucesor semántico activo
https://regalospremium.cl/regalos-publicitarios-para-viajes-y-vacaciones/mesa-plegable-de-picnic.html,https://regalospremium.cl/regalos-publicitarios-para-viajes-y-vacaciones/,301,APPLIED,2026-10-03,GSC 404: producto retirado a categoría activa
https://regalospremium.cl/publicitarios-bamboo/set-escritura-bambu-boligrafo-portaminas-deluxe.html,https://regalospremium.cl/regalos-corporativos-bambu/,301,APPLIED,2026-10-03,GSC 404: evita cadena Bamboo a 404
https://regalospremium.cl/regalos-corporativos-bambu/set-escritura-bambu-boligrafo-portaminas-deluxe.html,https://regalospremium.cl/regalos-corporativos-bambu/,301,APPLIED,2026-10-03,GSC 404: destino intermedio retirado
https://regalospremium.cl/bolsos-y-mochilas-publicitarios/mochila-netech.html,https://regalospremium.cl/bolsos-y-mochilas-publicitarios/,301,APPLIED,2026-10-03,GSC 404: producto retirado a categoría activa
https://regalospremium.cl/boligrafos-metalicos-y-ejecutivos/boligrafo-negro-cobre-tinta-azul.html,https://regalospremium.cl/boligrafos-metalicos-y-ejecutivos-publicitarios/,301,APPLIED,2026-10-03,GSC 404: ruta antigua a categoría canónica activa
https://regalospremium.cl/publicitarios-ecofriendly/llavero-linterna-led-dinamo.html,https://regalospremium.cl/llaveros-promocionales/llavero-linterna-led.html,301,APPLIED,2026-10-03,GSC 404: reemplazo funcional activo
https://regalospremium.cl/publicitarios-bamboo/pendrive-4gb-de-bamboo.html,https://regalospremium.cl/regalos-corporativos-bambu/,301,APPLIED,2026-10-03,GSC 404: producto retirado a hub Bamboo
https://regalospremium.cl/regalos-corporativos-bambu/pendrive-4gb-de-bamboo.html,https://regalospremium.cl/regalos-corporativos-bambu/,301,APPLIED,2026-10-03,GSC 404: evita destino intermedio 404
https://regalospremium.cl/publicitarios-ecofriendly/,https://regalospremium.cl/productos-eco-friendly-publicitarios/,301,APPLIED,2026-10-03,GSC canonical-alternate: alias legacy a categoría canónica
https://regalospremium.cl/boligrafos-funcionales-y-destacadores/,https://regalospremium.cl/boligrafos-funcionales-y-destacadores-publicitarios/,301,APPLIED,2026-10-03,GSC canonical-alternate: alias legacy a categoría canónica
https://regalospremium.cl/boligrafos-cuerpo-blanco/,https://regalospremium.cl/boligrafos-cuerpo-blanco-publicitarios/,301,APPLIED,2026-10-03,GSC canonical-alternate: alias legacy a categoría canónica
https://regalospremium.cl/mugs-termos-sublimacion/,https://regalospremium.cl/mugs-y-termos-para-sublimacion-publicitarios/,301,APPLIED,2026-10-03,GSC canonical-alternate: alias legacy a categoría canónica
https://regalospremium.cl/boligrafos-cuerpo-color/,https://regalospremium.cl/boligrafos-cuerpo-color-publicitarios/,301,APPLIED,2026-10-03,GSC canonical-alternate: alias legacy a categoría canónica
https://regalospremium.cl/boligrafos-cuerpo-plateado/,https://regalospremium.cl/boligrafos-cuerpo-plateado-publicitarios/,301,APPLIED,2026-10-03,GSC canonical-alternate: alias legacy a categoría canónica
